WardCode,WardName,Borough,type1_count,type2_count,type3_count,population,area_km2,pop_density,type1_density,type2_density,type3_density
E05009317,Bethnal Green,Tower Hamlets,2030,2403,781,21282,1.209072711403255,17601.919056877912,1678.9726381666273,1987.4735219282784,645.9495716296236
E05009318,Blackwall & Cubitt Town,Tower Hamlets,1268,1615,508,21328,1.3525209243245386,15769.072120382461,937.508601305559,1194.066554501954,375.59492859875706
E05009319,Bow East,Tower Hamlets,1489,1973,596,19723,1.8682499492683997,10556.9385979234,797.0025641285778,1056.0685419917288,319.0151297653676
E05009320,Bow West,Tower Hamlets,881,1457,541,13954,1.3584731260680616,10271.826311638706,648.522214458485,1072.5276577366774,398.2412236345521
E05009321,Bromley North,Tower Hamlets,1111,1403,371,11753,0.6000577299992572,19586.448790543116,1851.488522614941,2338.1083683427205,618.2738450856374
E05009322,Bromley South,Tower Hamlets,964,1120,323,14138,0.6916064347731934,20442.26208600335,1393.8563199113898,1619.4181310173824,467.02862171304866
E05009323,Canary Wharf,Tower Hamlets,1710,3160,756,17930,1.4238162811581605,12592.916823099804,1200.9976445901095,2219.387460178214,530.9673797135222
E05009324,Island Gardens,Tower Hamlets,707,511,365,15469,1.039262496790864,14884.593688088127,680.2901116735604,491.69483318980105,351.2105951355722
E05009325,Lansbury,Tower Hamlets,1709,2007,509,21929,1.2690134238890185,17280.3530578868,1346.7154624437294,1581.5435536129696,401.0989879367222
E05009326,Limehouse,Tower Hamlets,306,494,179,6575,0.3982546063388202,16509.539112288974,768.3526948076693,1240.4125203757799,449.46121689729677
E05009327,Mile End,Tower Hamlets,1615,2022,637,21553,1.2063103554229788,17866.878041051623,1338.7931163317576,1676.1855611286774,528.0564799401421
E05009328,Poplar,Tower Hamlets,777,1004,320,8171,0.6955223647542269,11748.004685496122,1117.145960179964,1443.5193616739818,460.0858523263687
E05009329,St Dunstan's,Tower Hamlets,953,1091,403,14928,0.681479438260125,21905.283067839075,1398.4281058179688,1600.9287129563525,591.3604686722365
E05009330,St Katharine's & Wapping,Tower Hamlets,715,1976,250,12064,1.0624922281977252,11354.435994759053,672.9460988273146,1859.7783094863967,235.29583875080928
E05009331,St Peter's,Tower Hamlets,1792,2249,660,19985,1.084037437681307,18435.710156603775,1653.0794396114068,2074.6515958069494,608.8350614640226
E05009332,Shadwell,Tower Hamlets,1154,1130,424,13423,0.6276561443858133,21385.913481552776,1838.5863188342325,1800.348821735427,675.529115412231
E05009333,Spitalfields & Banglatown,Tower Hamlets,1869,4291,862,13473,0.9122577784128458,14768.851873689086,2048.763018772723,4703.714346470709,944.9083585778959
E05009334,Stepney Green,Tower Hamlets,872,788,292,12618,0.6568122241254477,19210.970101540053,1327.6244990127536,1199.7340656216168,444.57150655014226
E05009335,Weavers,Tower Hamlets,971,2077,432,13415,0.6723124226612546,19953.520934357573,1444.269014331808,3089.337531171128,642.5584080240382
E05009336,Whitechapel,Tower Hamlets,2049,2950,939,19004,0.9576765593321419,19843.860450393484,2139.553255254486,3080.3719389949893,980.4980510902695
E05009367,Brownswood,Hackney,581,1040,345,8974,0.48893569302369766,18354.151942768985,1188.2953285880076,2127.0690907599446,705.6142656847893
E05009368,Cazenove,Hackney,711,837,266,15303,0.7370349901432968,20762.9219842395,964.6760459252621,1135.6312945702452,360.90552491718665
E05009369,Clissold,Hackney,716,974,280,12570,1.0229760537642518,12287.677657503405,699.9186318832488,952.1239489584977,273.7111968258515
E05009370,Dalston,Hackney,1138,2546,603,8870,0.5312950901329574,16695.053586473514,2141.935849087583,4792.063859206491,1134.9624929699582
E05009371,De Beauvoir,Hackney,553,1143,281,9291,0.5918133840993988,15699.205610462366,934.4161772237313,1931.35206250764,474.8118368894548
E05009372,Hackney Central,Hackney,1366,2339,543,12809,0.7774435417222872,16475.794462995924,1757.0407710556976,3008.5785969980066,698.4430005001785
E05009373,Hackney Downs,Hackney,852,1328,387,12932,1.0176742601018298,12707.40600111671,837.2030554401049,1304.9362178690837,380.27885264708993
E05009374,Hackney Wick,Hackney,1352,2013,387,12416,1.6319578982606857,7608.039406673893,828.4527446700308,1233.4877034177307,237.1384705527381
E05009375,Haggerston,Hackney,1031,1888,378,14547,0.8710421381967204,16700.6845732125,1183.6396366936199,2167.518558756115,433.96293178485774
E05009376,Homerton,Hackney,1662,2026,533,13986,0.8022929622453709,17432.534819771437,2071.562481800381,2525.2620867193573,664.3458500599296
E05009377,Hoxton East & Shoreditch,Hackney,2218,4709,1091,11728,1.0214490069416686,11481.728329361178,2171.425088209677,4610.11755652812,1068.0905190427222
E05009378,Hoxton West,Hackney,1033,1984,405,13714,0.6523470607893461,21022.551988516556,1583.5129214042295,3041.3258819612697,620.8351724769728
E05009379,King's Park,Hackney,806,922,243,13155,1.9037041783200759,6910.21228498255,423.3851084527507,484.31894540128553,127.64588257322384
E05009380,Lea Bridge,Hackney,1034,1635,431,14201,1.060097908927285,13395.932470397962,975.3816051258005,1542.3103717414738,406.5662203183946
E05009381,London Fields,Hackney,1063,2197,337,12798,1.023440014833492,12504.885303006415,1038.6539363256618,2146.681747984458,329.2816336234694
E05009382,Shacklewell,Hackney,679,1037,243,9077,0.4380454674419011,20721.593246947366,1550.067402740692,2367.3341629485976,554.7369350014553
E05009383,Springfield,Hackney,965,1337,410,15501,1.2060841383739798,12852.337168531343,800.1100166203952,1108.5462095559258,339.94311586980524
E05009384,Stamford Hill West,Hackney,319,1016,157,10327,0.683142855166079,15116.896739686168,466.959432551553,1487.2438353366076,229.820159594338
E05009385,Stoke Newington,Hackney,945,1113,429,13536,0.9538370166146092,14191.10368356476,990.7352970573801,1166.8660165342476,449.7623729498583
E05009386,Victoria,Hackney,834,1129,277,12282,0.7632303493149778,16092.127378089019,1092.723842478932,1479.2388706939018,362.9310603916836
E05009387,Woodberry Down,Hackney,1026,1502,359,12065,0.8690743718259666,13882.58633682968,1180.5663971477206,1728.2755638556303,413.0831740507132
E05009388,Abingdon,Kensington and Chelsea,590,1005,160,7981,0.6037675703077247,13218.662930061466,977.1972345240277,1664.5478316892336,265.0026398709228
E05009389,Brompton & Hans Town,Kensington and Chelsea,910,4394,293,7875,1.0661466727595912,7386.41333430842,853.541096408973,4121.384151231899,274.8214738987133
E05009390,Campden,Kensington and Chelsea,528,1737,199,8686,1.0214673290035028,8503.453564661406,516.9034632904929,1700.494916165883,194.81778256592443
E05009391,Chelsea Riverside,Kensington and Chelsea,624,962,256,7732,0.5367526724285273,14405.144859394388,1162.5466104839754,1792.259357829462,476.942199172913
E05009392,Colville,Kensington and Chelsea,915,2198,611,8615,0.49201625918519065,17509.583960227195,1859.694640000915,4467.332042319138,1241.8288798257477
E05009393,Courtfield,Kensington and Chelsea,555,1832,198,8406,0.6190389766392334,13579.112652382939,896.5509781195017,2959.425931378247,319.8506192210114
E05009394,Dalgarno,Kensington and Chelsea,934,675,278,7254,0.8904001719414765,8146.898696327728,1048.9665539523157,758.0861069783866,312.2191670222096
E05009395,Earl's Court,Kensington and Chelsea,905,1462,379,9047,0.47801165209164054,18926.316880379272,1893.2592878018395,3058.502849465513,792.8677017424278
E05009396,Golborne,Kensington and Chelsea,971,1044,483,8881,0.5584162187347247,15903.907698316538,1738.8463433245533,1869.5732053870584,864.946224331369
E05009397,Holland,Kensington and Chelsea,492,777,213,9125,1.0000870222991352,9124.205990616914,491.9571887543585,776.9323895571881,212.98146586316741
E05009398,Norland,Kensington and Chelsea,286,735,138,5691,0.5085685415080721,11190.232064146798,562.3627429882242,1445.232923413793,271.349855008304
E05009399,Notting Dale,Kensington and Chelsea,898,2156,364,9148,0.560312541972194,16326.602234889786,1602.6769574695045,3847.8524724991667,649.6374304219372
E05009400,Pembridge,Kensington and Chelsea,439,1401,269,5377,0.3863695887098271,13916.726774369026,1136.217789464014,3626.0617836881174,696.2245680314801
E05009401,Queen's Gate,Kensington and Chelsea,380,1237,118,7905,0.5747144805753182,13754.656037353881,661.1978866786179,2152.3731205827644,205.31934375809715
E05009402,Redcliffe,Kensington and Chelsea,396,989,153,9248,0.7222264056853979,12804.848904996188,548.30451626065,1369.3766832873303,211.8449267370693
E05009403,Royal Hospital,Kensington and Chelsea,519,2744,163,8504,0.9173307569353557,9270.374873737366,565.7719378492113,2991.2874710177953,177.68945254223783
E05009404,St. Helen's,Kensington and Chelsea,463,597,200,6163,0.4839825974091934,12733.92893255077,956.6459671865986,1233.5154263723527,413.2379987847078
E05009405,Stanley,Kensington and Chelsea,878,1803,253,8628,0.7260584012481414,11883.341595067159,1209.2691145652489,2483.2713138509607,348.4568177505785
E05011095,Borough & Bankside,Southwark,1350,6358,463,9024,0.9998163325263779,9025.657719751165,1350.247996638306,6359.167972315814,463.08505366187825
E05011096,Camberwell Green,Southwark,1340,2141,422,15451,0.9220493519308542,16757.237524915796,1453.2844659495931,2322.001523580656,457.67615270949875
E05011097,Champion Hill,Southwark,435,721,130,9221,1.0410902402894695,8857.061225966494,417.8312149761875,692.5432321789223,124.8690987285158
E05011098,Chaucer,Southwark,1354,2514,450,14613,0.7532138302630471,19400.865216317998,1797.630295140941,3337.697608555632,597.4399060660439
E05011099,Dulwich Hill,Southwark,348,600,91,9666,1.0067984467620748,9600.729948567607,345.6501160874744,595.9484760128868,90.3855188619545
E05011100,Dulwich Village,Southwark,317,1024,89,10317,2.625366059654234,3929.7377072661516,120.74506670576427,390.0408463933836,33.900034500987445
E05011101,Dulwich Wood,Southwark,459,698,137,10616,3.010842526605893,3525.9233607170286,152.4490224725995,231.82879670125152,45.502213679185466
E05011102,Faraday,Southwark,1288,1578,505,12426,1.1048587885074084,11246.686118853893,1165.759835915324,1428.2368176043333,457.0719853549989
E05011103,Goose Green,Southwark,608,1279,199,13505,1.1556466738348916,11686.097754415787,526.1123609540762,1106.7396540464858,172.19796024648215
E05011104,London Bridge & West Bermondsey,Southwark,1803,5553,705,14951,1.1678760656804337,12801.872081597267,1543.828196315957,4754.785343395734,603.6599436509981
E05011105,Newington,Southwark,835,947,258,13357,0.7869937624736361,16972.180259748187,1060.9995146282652,1203.3132219796012,327.82979014861365
E05011106,North Bermondsey,Southwark,1089,1824,358,15180,0.9158714079832901,16574.37918432863,1189.0315501800974,1991.5459573264443,390.8845683787648
E05011107,North Walworth,Southwark,1896,4759,876,15679,0.7920184957393795,19796.254865693576,2393.8834890844455,6008.698061473036,1106.0347766023071
E05011108,Nunhead & Queen's Road,Southwark,1015,1270,293,15588,1.312571920683047,11875.92066718004,773.2909595321877,967.5660281831314,223.2258631950059
E05011109,Old Kent Road,Southwark,1382,2024,494,19085,1.6542435409257608,11536.99532616552,835.4271700686794,1223.5199654261992,298.62592041528774
E05011110,Peckham,Southwark,1200,1371,444,14786,0.8615200427677365,17162.68834848949,1392.886921289557,1591.373307573319,515.3681608771361
E05011111,Peckham Rye,Southwark,445,536,96,10085,1.8931439929598792,5327.117238574323,235.05871801344313,283.12690529259663,50.70929647031582
E05011112,Rotherhithe,Southwark,1060,1847,373,15543,1.4133485706726625,10997.287097126038,749.9919142349354,1306.8255335772883,263.91224906568954
E05011113,Rye Lane,Southwark,1338,3184,452,14441,1.2677996534313432,11390.600999862194,1055.371798200652,2511.437821727112,356.52320836075836
E05011114,St George's,Southwark,956,2154,315,8456,0.5734557578847954,14745.688544814944,1667.0858856247737,3756.174683719417,549.3013116859871
E05011115,St Giles,Southwark,1244,1547,355,16019,1.1241103435115039,14250.38039411659,1106.6529252937785,1376.1994175478098,315.80529620521816
E05011116,South Bermondsey,Southwark,1183,1435,379,15830,1.217809672081847,12998.747146537766,971.4161638884508,1178.345050870606,311.2144768501461
E05011117,Surrey Docks,Southwark,533,904,182,12923,1.249672532848395,10341.109098832825,426.51173486635423,723.3895090416214,145.63815336899899
E05011217,Barnehurst,Bexley,489,406,121,11793,2.1268622542461166,5544.787856597758,229.9161588973377,190.89153479001862,56.891319481754316
E05011218,Belvedere,Bexley,1069,1357,344,17643,4.945214297094113,3567.6916995017405,216.16858962576435,274.40671292999275,69.56220283560612
E05011219,Bexleyheath,Bexley,1428,1692,709,15708,3.6417822329504097,4313.272731652073,392.1157028774612,464.6076815606893,194.68489729700278
E05011220,Blackfen & Lamorbey,Bexley,459,586,174,16758,2.905688105239502,5767.308600596938,157.9660250432029,201.67340016408912,59.88254544121418
E05011221,Blendon & Penhill,Bexley,358,600,143,15665,3.3779742534448416,4637.39472970373,105.98067751253976,177.62124722772026,42.33306392260666
E05011222,Crayford,Bexley,866,1349,343,16293,5.092545524436857,3199.382297481123,170.0524807965784,264.8969937581805,67.3533497843261
E05011223,Crook Log,Bexley,582,1189,237,15290,2.6616395602969685,5744.579479534803,218.66221432892448,446.7171354589196,89.04286047414965
E05011224,East Wickham,Bexley,652,535,164,15894,2.8144686934462753,5647.247040626355,231.66006483505618,190.0891636299924,58.27032305667058
E05011225,Erith,Bexley,1120,1310,460,13049,2.418150426902778,5396.2730584604105,463.1639072324055,541.73635578076,190.2280333275951
E05011226,Falconwood & Welling,Bexley,632,1266,325,16589,3.273676916614397,5067.390711590493,193.05509251462968,386.721118866331,99.27674852413709
E05011227,Longlands,Bexley,324,331,73,10070,1.8803524795992579,5355.378903292709,172.30811962927882,176.03082591756572,38.82250843499183
E05011228,Northumberland Heath,Bexley,498,452,207,11180,1.7131601690632803,6525.951397826969,290.69085832896513,263.8398955114302,120.8293326789072
E05011229,St Mary's & St James,Bexley,349,557,116,10786,8.751159061603987,1232.5224492060654,39.880431556917934,63.648711682530916,13.255386993130317
E05011230,Sidcup,Bexley,884,1216,287,15450,4.003550429552006,3859.0746568237537,220.80401272700314,303.7304066470993,71.686370647794
E05011231,Slade Green & Northend,Bexley,943,764,310,12698,4.32512996411553,2935.865535914985,218.02813044320607,176.64209083627725,71.67414680529573
E05011232,Thamesmead East,Bexley,1115,1124,364,15803,4.284606996726888,3688.3196083263374,260.23390263139066,262.33444534321353,84.95528301150331
E05011233,West Heath,Bexley,371,521,101,15968,2.367281121457838,6745.290981819032,156.71987438970822,220.08370500549321,42.66497928129523
E05011234,Aldborough,Redbridge,873,1295,247,15496,8.47982525578401,1827.3961470409217,102.95023466486349,152.7154111007998,29.127958719612007
E05011235,Barkingside,Redbridge,580,681,147,15377,1.6363028081938176,9397.404883130053,354.45762061620803,416.18213730972013,89.83667281134927
E05011236,Bridge,Redbridge,540,619,169,13347,3.4394316421011997,3880.5830116298284,157.0026842196829,179.97159542959946,49.13602524653038
E05011237,Chadwell,Redbridge,886,925,269,16474,1.5596005310243264,10562.961266228911,568.094189746195,593.1005931323141,172.48006438118108
E05011238,Churchfields,Redbridge,568,771,219,15676,2.0184839241316124,7766.224844591761,281.399318176073,381.9698491439301,108.49727232492955
E05011239,Clayhall,Redbridge,639,910,148,14434,2.536273495832611,5691.026627734242,251.94443779424833,358.7941132907136,58.35332831541276
E05011240,Clementswood,Redbridge,940,834,234,13526,0.8987600739549113,15049.622687932806,1045.8853561035662,927.9450925429513,260.3586950300367
E05011241,Cranbrook,Redbridge,657,802,210,13225,1.4858408502265217,8900.684079310246,442.17387070751084,539.7617112746175,141.33411392477515
E05011242,Fairlop,Redbridge,794,922,216,14666,2.867105118716238,5115.26414021638,276.9343875175103,321.5787220291492,75.3373144883907
E05011243,Fullwell,Redbridge,815,868,230,15445,2.7691186219027806,5577.586990255793,294.3174747205226,313.4571387207529,83.05891924628246
E05011244,Goodmayes,Redbridge,1159,1775,399,15234,1.806999889934505,8430.548382906742,641.3946157141206,982.2911500367247,220.80798245895954
E05011245,Hainault,Redbridge,857,766,276,15682,5.674643388567026,2763.5216746122355,151.02270597772517,134.98645598475784,48.63741756108768
E05011246,Ilford Town,Redbridge,1802,3568,737,12266,1.050473169111149,11676.642831704874,1715.4174451925796,3396.5646195600025,701.5885999483525
E05011247,Loxford,Redbridge,1210,1291,286,15053,1.0673669258678398,14102.929025799556,1133.6307793275403,1209.5184595965738,267.9490932956004
E05011248,Mayfield,Redbridge,693,777,205,16255,1.8490056620564224,8791.211586621945,374.7960399587209,420.22586298402035,110.87040143079044
E05011249,Monkhams,Redbridge,328,478,70,9502,2.797376140728941,3396.7545020684875,117.25273381166743,170.87441085968607,25.023449289075366
E05011250,Newbury,Redbridge,729,597,214,14436,1.739595904425982,8298.478953227632,419.0628399073804,343.1831487307354,123.01707508940935
E05011251,Seven Kings,Redbridge,2323,947,406,15038,1.8234016294371058,8247.223078681965,1273.9924997857565,519.35897429923,222.66076406070474
E05011252,South Woodford,Redbridge,427,1320,186,12875,2.031394648227178,6338.010199660694,210.20041594214496,649.799880664242,91.5627104572341
E05011253,Valentines,Redbridge,1301,1059,406,15297,1.800502637944407,8495.960893156058,722.5760032683553,588.1690910539494,225.49258826053207
E05011254,Wanstead Park,Redbridge,310,478,110,8141,4.743252511822713,1716.332828519732,65.35599764661796,100.7747318551077,23.190837874606377
E05011255,Wanstead Village,Redbridge,540,1156,196,12685,2.3038540793330005,5505.991075473188,234.389844758023,501.7678898893974,85.07483254180094
E05011462,Addiscombe East,Croydon,711,774,216,11429,1.5467426309918697,7389.076741662573,459.6756989519721,500.406457086957,139.64831360566242
E05011463,Addiscombe West,Croydon,1019,1564,364,16174,1.3376663754692304,12091.206220479631,761.7743995714569,1169.2003541999593,272.11568345830256
E05011464,Bensham Manor,Croydon,1103,1010,327,16993,1.4528582969055175,11696.254229468803,759.193103931271,695.1813553677097,225.07356752994164
E05011465,Broad Green,Croydon,2168,2411,732,20051,1.9447333340394326,10310.411020904234,1114.8057998763343,1239.7586639768642,376.4012202534486
E05011466,Coulsdon Town,Croydon,571,809,166,15498,4.5169576018537025,3431.070504987653,126.4125215090947,179.10285446735134,36.75040029861597
E05011467,Crystal Palace & Upper Norwood,Croydon,971,940,316,16285,2.5868260837777335,6295.359437623193,375.3634641653129,363.3796666481917,122.15741985194529
E05011468,Fairfield,Croydon,3502,4512,1578,15188,1.4761888087101183,10288.656783186936,2372.3252603845567,3056.519581626248,1068.9689494251372
E05011469,Kenley,Croydon,316,647,82,11013,5.173416654662381,2128.767260621639,61.08149045277744,125.06241874350317,15.85026018078402
E05011470,New Addington North,Croydon,766,449,186,10884,1.4062239345812757,7739.876795114339,544.7212077414171,319.29480714868964,132.26911832885585
E05011471,New Addington South,Croydon,896,824,261,11434,2.495223724756281,4582.354634800055,359.08603750051157,330.23090948707755,104.59983904869812
E05011472,Norbury & Pollards Hill,Croydon,756,1485,202,12196,1.332378234476359,9153.556913809221,567.4064469366818,1114.5483779113392,151.60860090107107
E05011473,Norbury Park,Croydon,649,647,165,10895,2.259502047444945,4821.85887475522,287.231428152009,286.3462773718795,73.02493936068025
E05011474,Old Coulsdon,Croydon,362,312,127,10104,6.950424549576546,1453.7241470545257,52.083149369926595,44.88934420833452,18.27226511044386
E05011475,Park Hill & Whitgift,Croydon,210,199,63,5769,1.9857701608119784,2905.170051322085,105.75241996492248,100.2130074905694,31.725725989476746
E05011476,Purley & Woodcote,Croydon,945,1085,344,15237,5.0832799570026745,2997.474097213486,185.9035913806356,213.4448641777668,67.6728417300938
E05011477,Purley Oaks & Riddlesdown,Croydon,395,427,184,9782,2.4535560009737427,3986.8664078251395,160.9908230516183,174.03311757731902,74.99319352277915
E05011478,Sanderstead,Croydon,342,474,236,15908,7.557394693589573,2104.9582091423226,45.25369044044973,62.720027101675946,31.22769281855596
E05011479,Selhurst,Croydon,1249,1176,473,13081,1.2995382581807509,10065.882953159338,961.1106038143884,904.936805512987,363.9754328296283
E05011480,Selsdon & Addington Village,Croydon,428,527,167,10032,5.2067755659308625,1926.7202653484237,82.20058548336576,101.21427231246204,32.0735929339301
E05011481,Selsdon Vale & Forestdale,Croydon,360,503,135,10009,4.9044250085804855,2040.810081199908,73.40310013307692,102.56044268593803,27.526162549903844
E05011482,Shirley North,Croydon,656,1044,195,15478,3.1218858601401185,4957.900670752039,210.12939914803835,334.4132510831586,62.462245173578474
E05011483,Shirley South,Croydon,461,507,163,10661,4.564986473782835,2335.3847949445562,100.9860604511247,111.06276062629115,35.706568012002876
E05011484,South Croydon,Croydon,1108,1116,592,18045,3.936099769232316,4584.487451526016,281.49692969192716,283.5293984983671,150.40269167655313
E05011485,South Norwood,Croydon,1354,1260,459,16507,2.1354002213014667,7730.166848975714,634.073175835289,590.0533246325438,214.94799683042663
E05011486,Thornton Heath,Croydon,1378,1218,455,17865,1.731668198666673,10316.641498501534,795.7644547962561,703.3680014091726,262.7524143195185
E05011487,Waddon,Croydon,1559,2265,543,18713,3.9182927301498687,4775.804486482116,397.8773683762955,578.0578828558752,138.58076396942172
E05011488,West Thornton,Croydon,1891,1693,674,18751,1.9765453937748179,9486.754040183834,956.7197424130782,856.5449624036708,340.9989986178819
E05011489,Woodside,Croydon,1120,1031,330,16709,2.1548360141336036,7754.186346620069,519.7611292246381,478.45868234875167,153.14390414654514
E05013496,Alperton,Brent,878,1314,520,14911,1.841563795181268,8096.922864696244,476.76871270896,713.5240187922249,282.3687136772884
E05013497,Barnhill,Brent,795,1099,533,11407,2.145377187677244,5317.013747288945,370.56420873978357,512.2642332138644,248.44116133120082
E05013498,Brondesbury Park,Brent,583,1042,201,13400,1.7311484706719913,7740.526146089846,336.7706524754015,601.9125555392253,116.10789219134769
E05013499,Cricklewood & Mapesbury,Brent,752,1005,302,14136,1.2338384487947258,11456.929400934734,609.4801152732683,814.5312710766418,244.76462076133913
E05013500,Dollis Hill,Brent,1567,1724,625,21863,3.014297134407089,7253.100482511139,519.8558503451015,571.9409610688928,207.3451860023538
E05013501,Harlesden & Kensal Green,Brent,1846,2089,720,19991,1.540812662850229,12974.322240459922,1198.0690738776957,1355.7780581422028,467.2858793022432
E05013502,Kenton,Brent,651,830,231,17799,3.0814303085439883,5776.213711745516,211.26552763336878,269.3554346170447,74.96518722474376
E05013503,Kilburn,Brent,1326,2053,478,17084,0.9379348540049764,18214.484648961938,1413.7442428309255,2188.8513804916215,509.63027758158546
E05013504,Kingsbury,Brent,660,1203,190,11114,1.3562042755247767,8194.930660943013,486.6523516485864,887.0345136867415,140.09688911095668
E05013505,Northwick Park,Brent,967,692,249,12453,2.509321552603205,4962.695987320192,385.36312693637086,275.7717516442282,99.23000890088557
E05013506,Preston,Brent,542,674,191,12573,1.7505772766209737,7182.202218612622,309.6121532242139,385.0158510574173,109.1068658041049
E05013507,Queens Park,Brent,948,1808,394,17155,1.6548752730604848,10366.340158236804,572.8528399888365,1092.5294669829286,238.08440818101434
E05013508,Queensbury,Brent,811,1875,309,17196,2.1562025746677467,7975.13192963781,376.12421463923374,869.5843433397821,143.3074997823961
E05013509,Roundwood,Brent,1567,1288,705,16719,1.843823871589815,9067.568902654592,849.8642544685534,698.5482831879367,382.35756183811753
E05013510,Stonebridge,Brent,1954,2866,652,20269,4.013680431105162,5049.978529162312,486.83497192674315,714.057845210873,162.44442256716303
E05013511,Sudbury,Brent,646,522,206,13840,1.6558627541097823,8358.180631607116,390.1289514464015,315.2435180418291,124.40644581727355
E05013512,Tokyngton,Brent,481,454,232,10021,1.4544358081234785,6889.95687814449,330.7124297363037,312.1485303540164,159.51202432187623
E05013513,Welsh Harp,Brent,838,1028,306,17863,3.5773001788258845,4993.430550148259,234.25487325892854,287.367553353435,85.53936899431042
E05013514,Wembley Central,Brent,1199,1355,625,17888,1.716345911545832,10422.14152733881,698.5771294319786,789.4678985657473,364.14570967054766
E05013515,Wembley Hill,Brent,1165,2157,480,15084,1.5458773721163361,9757.565685400848,753.6173444372838,1395.3241304302328,310.5032835449753
E05013516,Wembley Park,Brent,1566,2481,648,7507,0.9896402160913678,7585.585021644797,1582.3932521507597,2506.9716849208394,654.7834146830729
E05013517,Willesden Green,Brent,1560,1820,576,18975,1.4740394918877726,12872.789436393661,1058.316285679795,1234.7023332930944,390.7629362510013
E05013518,Central Greenford,Ealing,917,1061,313,14367,3.1929064400190783,4499.662069620228,287.19914511322816,332.2991199183589,98.02980634726326
E05013519,Dormers Wells,Ealing,1047,854,293,15573,2.3324291400563832,6676.730166226419,448.888235024662,366.1418841557415,125.6201077958223
E05013520,Ealing Broadway,Ealing,1156,3373,539,13871,1.750068776499649,7925.974216706895,660.5454685684645,1927.3528248109262,307.98789581176675
E05013521,Ealing Common,Ealing,646,1236,253,15903,2.389306296825605,6655.906788145362,270.3713629593098,517.3049607085246,105.88847496703619
E05013522,East Acton,Ealing,939,1002,391,15219,1.7565700153951225,8664.044055526385,534.5645159431812,570.4298668531071,222.59289215525436
E05013523,Greenford Broadway,Ealing,1199,1236,397,17287,2.3525469233300456,7348.206247690966,509.6603974652321,525.388032749814,168.75327589132374
E05013524,Hanger Hill,Ealing,833,1340,291,17034,3.423360982162586,4975.811808557618,243.32812237457412,391.42819205513723,85.00418200600369
E05013525,Hanwell Broadway,Ealing,1127,1335,446,15215,1.8478792983877232,8233.762894186382,609.8883195365134,722.4497840117529,241.35775555748447
E05013526,Lady Margaret,Ealing,856,726,350,15720,1.7167089938594935,9157.0557713794,498.62848220742796,422.90219402172045,203.87846819228946
E05013527,North Acton,Ealing,1376,2156,489,19120,4.264622709435374,4483.397782809126,322.65456846994545,505.554687224711,114.66430521933381
E05013528,North Greenford,Ealing,730,928,199,15662,3.283732321161309,4769.572689914338,222.3080107034521,282.6052519627446,60.60177278080407
E05013529,North Hanwell,Ealing,705,613,215,15119,2.1966561849864448,6882.733904073976,320.94235084146794,279.06051215009904,97.87603607222071
E05013530,Northfield,Ealing,403,738,162,14239,1.6945103098623595,8403.017625284674,237.8268209136683,435.52405417937274,95.60284116132573
E05013531,Northolt Mandeville,Ealing,1004,1030,313,17486,2.821915139066495,6196.5010066831655,355.786744293143,365.00034524097333,110.91758064118899
E05013532,Northolt West End,Ealing,1118,951,343,16624,3.4975220603602115,4753.079383947585,319.65488157202833,271.9067910330939,98.06943146619474
E05013533,Norwood Green,Ealing,1556,1177,423,16111,3.677641722691763,4380.79650352888,423.0972229837339,320.04205106160333,115.01936074686338
E05013534,Perivale,Ealing,1012,1289,410,16202,3.4069102347960127,4755.628673313164,297.0433414018591,378.34868287252607,120.34364622012079
E05013535,Pitshanger,Ealing,651,760,227,15083,2.204491731676958,6841.9399280424395,295.30616542833843,344.75066931726144,102.97158149344519
E05013536,South Acton,Ealing,1247,1716,469,16724,1.30704647111209,12795.26043612705,954.0594214213364,1312.8836945942369,358.8242731729004
E05013537,Southall Broadway,Ealing,1330,1995,430,10927,0.9722120915937034,11239.317114527821,1368.014254811202,2052.0213822168025,442.29032298407276
E05013538,Southall Green,Ealing,1500,1869,472,15653,1.5673578858794042,9986.870351066951,957.0245656807275,1192.4526088381865,301.1437300008689
E05013539,Southall West,Ealing,517,487,133,6626,0.8285992596535972,7996.6279510918885,623.9445594196357,587.738878989096,160.5118499087264
E05013540,Southfield,Ealing,573,1192,177,16407,1.518620678710061,10803.882911653982,377.31607901369733,784.9228031140091,116.55313435501645
E05013541,Walpole,Ealing,891,1703,337,14590,1.548794165748907,9420.231766527299,575.286257983264,1099.5650924191905,217.5886295626936
E05013542,Belmont,Harrow,257,407,114,9028,1.844139231975753,4895.508887540819,139.36041028998568,220.6991711596271,61.817458260927495
E05013543,Canons,Harrow,297,519,79,9712,1.9928560436331888,4873.407706004689,149.0323402680594,260.43025117549774,39.64159892652085
E05013544,Centenary,Harrow,421,523,105,15074,1.986749261914794,7587.268453529936,211.90394181611404,263.24408923949557,52.85015175936336
E05013545,Edgware,Harrow,692,919,243,15721,1.6904702430224428,9299.779197468717,409.35355286866945,543.6357154426405,143.74698460561657
E05013546,Greenhill,Harrow,1479,2714,702,10947,1.1514585001531075,9507.07298486606,1284.4579286212572,2357.0106952522597,609.6615726113067
E05013547,Harrow on the Hill,Harrow,664,655,180,10754,3.4069037002429687,3156.531838347254,194.89837647968912,192.25668161776562,52.83389723846994
E05013548,Harrow Weald,Harrow,690,900,236,14427,4.88038311255458,2956.120383845922,141.3823431658478,184.41175195545364,48.35685940165229
E05013549,Hatch End,Harrow,254,847,80,9848,2.8833813281512546,3415.4344775181953,88.09101922112323,293.75233574917866,27.74520290429078
E05013550,Headstone,Harrow,555,887,181,14872,3.16382202756923,4700.643674140603,175.4207395876839,280.35710993563174,57.20928624391133
E05013551,Kenton East,Harrow,535,578,138,13671,1.6609281375597422,8230.940093582625,322.10905932753303,347.9981986753535,83.08607511626086
E05013552,Kenton West,Harrow,261,413,48,9991,1.535832975524522,6505.264673450475,169.94035429592373,268.90944951807086,31.25339849120436
E05013553,Marlborough,Harrow,613,678,194,11967,1.2775418996379604,9367.2074500189,479.82770676540366,530.706664252763,151.85411926996463
E05013554,North Harrow,Harrow,361,496,102,8990,1.4208288164677663,6327.292841898771,254.0770540517749,349.0920188633805,71.78908452432421
E05013555,Pinner,Harrow,444,892,131,13149,4.2165685699877775,3118.4124678039125,105.29889236481384,211.54642339958096,31.06791644096985
E05013556,Pinner South,Harrow,427,630,121,15699,3.0429996502780554,5159.0541584733655,140.32206673470458,207.032557477433,39.76339595995142
E05013557,Rayners Lane,Harrow,340,374,83,9131,1.1343782066882195,8049.34363703765,299.7236706376959,329.69603770146546,73.16783724390811
E05013558,Roxbourne,Harrow,572,564,150,9905,1.080375327257224,9168.110146634015,529.4456339096068,522.040799868913,138.8406382630088
E05013559,Roxeth,Harrow,833,1224,233,15872,1.8868572492743214,8411.871118551398,441.4748388201433,648.6977223479656,123.48575923780719
E05013560,Stanmore,Harrow,540,690,174,13608,7.257087049201726,1875.1325301378147,74.41002103721488,95.07947132533012,23.976562334213682
E05013561,Wealdstone North,Harrow,484,581,182,10491,0.951060594541008,11030.842892889563,508.90553428258016,610.8969326821881,191.3653042136975
E05013562,Wealdstone South,Harrow,695,964,344,7962,0.8284757681136874,9610.41988968278,838.8899552034077,1163.5826141238633,415.22035192801764
E05013563,West Harrow,Harrow,409,349,125,10340,1.1850075608049433,8725.682723050577,345.1454771496795,294.5128888147632,105.48455903107565
E05013564,Belmore,Hillingdon,988,1179,310,17329,2.254732628121183,7685.611936365093,438.18942772974276,522.900136936606,137.48858562370472
E05013565,Charville,Hillingdon,551,574,175,11489,2.677043067424125,4291.675445869767,205.82410746577088,214.41567637995007,65.3706330426677
E05013566,Colham & Cowley,Hillingdon,1804,1242,524,19025,4.600706794485066,4135.234182453345,392.11366439662726,269.9585206100948,113.89554331698042
E05013567,Eastcote,Hillingdon,511,890,142,16958,3.6117073318622674,4695.286312486489,141.48433221373958,246.42085258361686,39.3165854683973
E05013568,Harefield Village,Hillingdon,259,313,74,5740,8.711010035205597,658.9362171323139,29.732487846214163,35.93153936627426,8.49499652748976
E05013569,Hayes Town,Hillingdon,1520,2423,536,14917,3.828738382351751,3896.0614464437326,396.9976133669286,632.8455376237289,139.99389523991692
E05013570,Heathrow Villages,Aviation Security (SO18),2919,5829,3952,14028,23.54245992398087,595.8595680016755,123.98874244346241,247.595196883502,167.86690994743523
E05013571,Hillingdon East,Hillingdon,742,851,309,15695,4.5801265712583765,3426.7611944374376,162.00425653218088,185.80272548367375,67.46538445881926
E05013572,Hillingdon West,Hillingdon,362,460,127,9707,2.0071325067406853,4836.252697517649,180.3568019471916,229.18267650748103,63.274347644456725
E05013573,Ickenham & South Harefield,Hillingdon,359,483,120,15535,13.217938146572472,1175.2967692641505,27.160060519203736,36.54125133920726,9.078571761293729
E05013574,Northwood,Hillingdon,392,939,135,11359,6.4401624169375475,1763.7753933233066,60.86803012437153,145.80377624179812,20.962204252015706
E05013575,Northwood Hills,Hillingdon,527,646,181,11799,2.8589781537376395,4126.999006471863,184.33159389869243,225.95485703710685,63.30933300884882
E05013576,Pinkwell,Hillingdon,1233,1593,370,16652,3.2179525795201545,5174.718889885899,383.1628868141553,495.0352625263174,114.97994170416663
E05013577,Ruislip,Hillingdon,565,982,228,15465,8.66815702328906,1784.1162727497447,65.18109887511191,113.28821078824761,26.303169103584985
E05013578,Ruislip Manor,Hillingdon,293,354,96,10918,1.7659849733969177,6182.385560732686,165.91307650619865,200.4547067685813,54.36059844571697
E05013579,South Ruislip,Hillingdon,655,1565,259,16927,6.7395519652235505,2511.591287869613,97.18746934215139,232.21128171063654,38.42985428949193
E05013580,Uxbridge,Hillingdon,2010,3249,877,17877,4.227550037134711,4228.690339077907,475.4526811851313,768.5302294380556,207.44875691510458
E05013581,West Drayton,Hillingdon,1142,1428,360,18260,3.465535150175037,5269.02749755048,329.53063538897305,412.057572097595,103.88006019267101
E05013582,Wood End,Hillingdon,1340,2205,464,19678,3.558140430916046,5530.416907950394,376.6012123515361,619.7057262948784,130.40519591874087
E05013583,Yeading,Hillingdon,928,1184,338,13397,2.4969058826007484,5365.440521148454,371.65998384905316,474.1868759453437,135.36753722088358
E05013584,Yiewsley,Hillingdon,1087,1393,430,12352,3.244204252410523,3807.4051566951007,335.0590515971158,429.3811029206829,132.54405904945705
E05013585,Alexandra Park,Haringey,339,588,102,8853,2.4173600681843546,3662.2595518628573,140.2356249950874,243.24055308882413,42.19478982153071
E05013586,Bounds Green,Haringey,512,1468,144,9761,1.1082381035663988,8807.674062629972,461.99458252910006,1324.625092095154,129.93597633630938
E05013587,Bruce Castle,Haringey,1298,1347,590,13514,1.4342873548745603,9422.100776438838,904.9790445328999,939.1423520691959,411.3541111513182
E05013588,Crouch End,Haringey,518,1320,148,12946,1.5670257950908875,8261.510461765649,330.5625227247494,842.3600965186664,94.44643506421411
E05013589,Fortis Green,Haringey,342,702,129,12548,1.9263078115163141,6514.016049243296,177.54171890669485,364.4277388084789,66.96749046480596
E05013590,Harringay,Haringey,1168,1463,582,14526,1.5903452207455158,9133.865911949959,734.4317351753788,919.9260518506671,365.9582790000603
E05013591,Hermitage & Gardens,Haringey,764,985,221,8484,0.8526421076047779,9950.24750048183,896.038318053762,1155.23264827612,259.1943302223579
E05013592,Highgate,Haringey,486,1276,159,12815,2.7855699712289153,4600.494739805937,174.47057694464965,458.0750127188744,57.079880111521184
E05013593,Hornsey,Haringey,761,936,259,14988,1.372812294894509,10917.734387825922,554.3365271640997,681.8120754607061,188.66381147897744
E05013594,Muswell Hill,Haringey,399,1144,129,8822,1.2723838667815959,6933.442202717187,313.5846110727905,899.0997370107076,101.38449831676685
E05013595,Noel Park,Haringey,1908,4267,643,13740,1.196632392398695,11482.223017929215,1594.4746374242316,3565.840292394757,537.3412955260906
E05013596,Northumberland Park,Haringey,1810,1792,719,14805,2.1153097754745236,6998.974888526112,855.6666361521286,847.1572441903947,339.90293447148093
E05013597,St Ann's,Haringey,659,678,202,10606,0.6664943096908982,15913.114104333123,988.7556283948263,1017.2629985609898,303.07835650342173
E05013598,Seven Sisters,Haringey,957,1321,338,9268,0.6792191501983301,13645.080527093161,1408.9708744527575,1944.8803815591355,497.63025659877957
E05013599,South Tottenham,Haringey,1187,2399,445,16741,1.284706257606121,13030.994362240146,923.9466165688461,1867.352934413363,346.38268270693897
E05013600,Stroud Green,Haringey,575,1082,236,10751,1.0055037427690627,10692.153139472914,571.8526700025045,1076.0775459873214,234.7082262966801
E05013601,Tottenham Central,Haringey,1347,1298,525,14765,1.0083324466193102,14642.988083447479,1335.8689433392315,1287.2738592830901,520.6616148872283
E05013602,Tottenham Hale,Haringey,1208,1860,445,12216,1.0257521968633343,11909.309126858827,1177.672349807258,1813.303452517798,433.8279765432366
E05013603,West Green,Haringey,868,1136,308,15034,1.507188659158778,9974.862741065923,575.9066688336584,753.7211702707788,204.3539792635562
E05013604,White Hart Lane,Haringey,861,873,285,13859,1.30006278076028,10660.254416248437,662.2757090980522,671.5060325698021,219.22018245405908
E05013605,Woodside,Haringey,1346,1072,543,15275,1.4879687966858635,10265.672260078194,904.5888616736661,720.4452152408396,364.9270073468059
E05013606,Bedfont,Hounslow,1055,911,345,15163,5.436097155355036,2789.3173294489607,194.07305827136145,167.58346548361163,63.464649387317245
E05013607,Brentford East,Hounslow,653,695,265,8682,0.8493432045627686,10222.01620423794,768.8293689665255,818.2793436933159,312.0057929190341
E05013608,Brentford West,Hounslow,513,773,231,7907,1.4307067472608745,5526.639204811299,358.56404604378355,540.2924124597362,161.4586640080195
E05013609,Chiswick Gunnersbury,Hounslow,767,2489,333,12778,2.7315670804656533,4677.900861882447,280.7912005841162,911.1985635643615,121.90804406063977
E05013610,Chiswick Homefields,Hounslow,601,1599,199,13812,2.955733980068978,4672.950980411867,203.33358957627658,540.9823789225728,67.32676260512319
E05013611,Chiswick Riverside,Hounslow,426,750,167,10264,1.0966858411195708,9359.106879251598,388.4430563680028,683.8786203662021,152.276972801541
E05013612,Cranford,Hounslow,1034,889,333,16085,3.14423628686999,5115.709677154137,328.85569202221814,282.7395649978258,105.90807102843195
E05013613,Feltham North,Hounslow,1138,824,310,12941,2.4338167393700822,5317.162870426052,467.57834375588027,338.562878079829,127.37195655915895
E05013614,Feltham West,Hounslow,1317,1631,423,16155,3.15646723081718,5118.063587759034,417.2386100327235,516.716911893221,134.01057862098864
E05013615,Hanworth Park,Hounslow,761,638,238,10306,3.0327421902935243,3398.244675391459,250.92802231446734,210.3706678536533,78.4768322087296
E05013616,Hanworth Village,Hounslow,1068,974,326,16184,3.854712783949188,4198.496984623416,277.0634441162759,252.67771027083586,84.57180035758982
E05013617,Heston Central,Hounslow,890,857,254,14549,1.681950381529984,8650.076815444176,529.1475954186071,509.5275160379172,151.01515644531037
E05013618,Heston East,Hounslow,667,942,242,11170,1.8011411989392934,6201.623729765386,370.32077240407455,523.0017505316915,134.3592607523029
E05013619,Heston West,Hounslow,1121,1610,388,15764,3.688861904634822,4273.40475396857,303.8877651102998,436.4489757605555,105.1814922950904
E05013620,Hounslow Central,Hounslow,1539,3155,748,10658,0.8387212816143153,12707.439567392623,1834.936150705315,3761.6787235056977,891.8338146378009
E05013621,Hounslow East,Hounslow,579,533,241,8629,0.8706105433768049,9911.43521709606,665.0505262137697,612.2140422658708,276.81723111833935
E05013622,Hounslow Heath,Hounslow,1134,1115,415,16052,2.787973055813691,5757.587924505641,406.74711602226495,399.93212906951095,148.8536623891005
E05013623,Hounslow South,Hounslow,520,458,140,13777,2.027374549043304,6795.488286316515,256.48935972160757,225.90793606249284,69.05482761735588
E05013624,Hounslow West,Hounslow,1216,1072,383,15915,1.5970764446290502,9965.083420722885,761.3912308890374,671.226479862704,239.8131919658728
E05013625,Isleworth,Hounslow,655,885,227,13831,1.9955732920361835,6930.840403204403,328.2264813895513,443.48158172481357,113.75177293958495
E05013626,Osterley & Spring Grove,Hounslow,777,983,288,14627,6.291716239833732,2324.8028745152915,123.49571569688804,156.23717957534228,45.77447377181951
E05013627,Syon & Brentford Lock,Hounslow,1340,1690,338,12915,2.239876634085312,5765.942553918394,598.2472336237436,754.50583942099,150.901167884198
E05013628,Barnet Vale,Barnet,621,944,227,16916,3.5331627468759814,4787.778319851557,175.76320268549404,267.18271068455135,64.24838487859444
E05013629,Brunswick Park,Barnet,516,1046,187,16229,3.0366825697818545,5344.318883210055,169.92227147306602,344.45483713338575,61.58035807260338
E05013630,Burnt Oak,Barnet,1458,1413,510,21726,2.530535727814078,8585.533790810101,576.1625824818709,558.3797867262576,201.53835189695076
E05013631,Childs Hill,Barnet,1026,2162,430,19503,2.9348357583065328,6645.34631786471,349.59366877553157,736.6681402462956,146.51586508136313
E05013632,Colindale North,Barnet,627,528,224,11951,1.0380242826226385,11513.21813956509,604.0321122506326,508.658620842638,215.79456641808886
E05013633,Colindale South,Barnet,1255,1433,588,19187,1.5322979440814093,12521.716206767042,819.0313149263895,935.1967125812879,383.7373810173044
E05013634,Cricklewood,Barnet,878,1477,318,10680,2.0083981796245265,5317.670623460057,437.164307808795,735.4119392182121,158.33513654122643
E05013635,East Barnet,Barnet,680,985,203,18021,3.876016284080918,4649.361271781433,175.4378594312954,254.12689932327348,52.373360977283774
E05013636,East Finchley,Barnet,635,1236,217,16615,2.456472491228343,6763.763917295803,258.50075759752247,503.16052974887833,88.33805417112184
E05013637,Edgware,Barnet,937,1634,364,20045,3.35856735144324,5968.31860209273,278.988003500169,486.5169666160898,108.37954458277643
E05013638,Edgwarebury,Barnet,487,585,140,12142,7.181009345213466,1690.8486559891896,67.81776441004244,81.46487100590313,19.495866565515282
E05013639,Finchley Church End,Barnet,713,1133,401,18902,3.004306167695698,6291.635720502424,237.32601146535967,377.1253450073668,133.47507797701155
E05013640,Friern Barnet,Barnet,927,1485,293,19332,2.758963875775914,7006.978297083787,335.9957004653771,538.2455395804585,106.19928828085814
E05013641,Garden Suburb,Barnet,321,1041,139,12331,4.290778726456076,2873.837311621208,74.81159492582984,242.6133031706818,32.39505200838114
E05013642,Golders Green,Barnet,532,1007,263,14731,1.6372661137067852,8997.315632856336,324.9319066376737,615.049680421311,160.63363053704546
E05013643,Hendon,Barnet,1217,2076,582,21989,3.349864603917882,6564.145898399132,363.2982654214264,619.7265398643231,173.73836522207898
E05013644,High Barnet,Barnet,474,1005,183,11966,8.124026792377855,1472.914886399288,58.34545012144932,123.7071252575033,22.52577504688866
E05013645,Mill Hill,Barnet,725,1213,278,18323,7.888953808322372,2322.6146895004426,91.90065217965513,153.7592980605816,35.23914662888845
E05013646,Totteridge & Woodside,Barnet,387,736,392,14476,9.547118537703883,1516.269012773935,40.53579082229296,77.09132311423157,41.05950904997116
E05013647,Underhill,Barnet,631,476,196,12443,2.5452781946784198,4888.66011818095,247.9100325140384,187.01295638142992,77.00533498058878
E05013648,West Finchley,Barnet,809,1560,432,19412,2.4329510083973,7978.78787242313,332.5179985983058,641.1966351215785,177.562145110591
E05013649,West Hendon,Barnet,1092,2461,457,17310,3.145634368340417,5502.864596794338,347.1477839225544,782.3541174298593,145.28071176978696
E05013650,Whetstone,Barnet,471,884,181,10832,2.386354090855173,4539.141966194233,197.3722180647603,370.439577004773,75.84792244102253
E05013651,Woodhouse,Barnet,712,1512,272,13893,2.2066164273393944,6296.064793078399,322.66595642926796,685.2119748891196,123.26564627634956
E05013652,Belsize,Camden,458,1935,162,12352,1.0056187730285662,12282.984696874908,455.440980502648,1924.1884219926285,161.094844631941
E05013653,Bloomsbury,Camden,2359,11187,927,11042,1.2416391280792085,8893.083143313757,1899.9079093531202,9009.86425686026,746.5937397076483
E05013654,Camden Square,Camden,507,875,208,7636,0.4631533146721423,16486.98121788329,1094.6699158547444,1889.2232275599633,449.0953500942541
E05013655,Camden Town,Camden,1859,4741,1108,6444,0.6141351298700235,10492.804737230743,3027.021105914331,7719.799388456076,1804.16319814582
E05013656,Fortune Green,Camden,549,920,200,11508,1.0209518970385767,11271.833700863548,537.7334638316031,901.1198301003184,195.89561523919966
E05013657,Frognal,Camden,227,665,84,7734,1.1534398859903523,6705.160879155422,196.8026273038894,576.5363310884866,72.82564182170357
E05013658,Gospel Oak,Camden,911,1275,339,11638,0.7908973929653454,14714.93028490731,1151.8561169917994,1612.0928091817168,428.6270292647859
E05013659,Hampstead Town,Camden,323,1445,146,8091,2.207805772345173,3664.724542959042,146.29910114643067,654.4959788129794,66.12900547176123
E05013660,Haverstock,Camden,834,1430,283,12144,0.7304738877650443,16624.824245471314,1141.7245899804905,1957.6332897747018,387.41973496939903
E05013661,Highgate,Camden,989,1218,214,10281,3.2160136319734227,3196.8148075576823,307.5235720916786,378.72973792483776,66.54200649910942
E05013662,Holborn & Covent Garden,Camden,2084,9085,899,10359,1.1070592533767998,9357.222721731048,1882.4647313531714,8206.426144118792,812.0613212507203
E05013663,Kentish Town North,Camden,395,756,166,7131,0.5585348965684775,12767.3311798625,707.2073784946974,1353.5412104860538,297.2061388104298
E05013664,Kentish Town South,Camden,845,1530,334,10380,0.8190015842085928,12673.96815847465,1031.744036022262,1868.128254572853,407.81361897211303
E05013665,Kilburn,Camden,1201,2319,450,11988,0.6562319259724858,18267.931695390613,1830.145642823167,3533.811611745982,685.7331717488969
E05013666,King's Cross,Camden,1435,4320,579,11481,1.0798343520868565,10632.186295807456,1328.9075284804198,4000.6136049027273,536.1933512126573
E05013667,Primrose Hill,Camden,642,1418,261,12690,1.3396076168764177,9472.92314565175,479.2448116239893,1058.5189141476897,194.8331710807807
E05013668,Regent's Park,Camden,1308,3310,578,11955,1.346043516728498,8881.585068702772,971.7367854339797,2459.0586848520434,429.4066223095109
E05013669,St Pancras & Somers Town,Camden,1125,1938,542,12596,0.8217089997732678,15329.027677043314,1369.0978196787653,2358.4991773666197,659.6009051252362
E05013670,South Hampstead,Camden,619,1925,227,12256,0.8059056368375997,15207.735794097367,768.0799980863471,2388.6171184430023,281.67069396704494
E05013671,West Hampstead,Camden,655,1861,275,11262,0.8091313497266743,13918.630150474726,809.5101002096383,2299.997399221583,339.8706527597718
E05013672,Arnos Grove,Enfield,303,645,117,8203,1.7714512059873588,4630.666637768253,171.04620154136057,364.10825080586653,66.04754316943625
E05013673,Bowes,Enfield,567,575,174,10797,1.2786672067167077,8443.948467032287,443.4304696496533,449.6869842126113,136.07919174433803
E05013674,Brimsdown,Enfield,1219,1567,324,16289,4.61239284439657,3531.5725588701575,264.287982642441,339.73688991034055,70.24553435287194
E05013675,Bullsmoor,Enfield,753,754,236,11495,1.8086236658036698,6355.661610173694,416.3386857295164,416.89159235067115,130.48596259251775
E05013676,Bush Hill Park,Enfield,399,668,131,12744,2.2677667340876555,5619.625602774809,175.94402193245045,294.56292393703484,57.76608238884965
E05013677,Carterhatch,Enfield,1084,1978,372,12344,1.8151482877695901,6800.54631523687,597.1963873717407,1089.718131200464,204.94193367369698
E05013678,Cockfosters,Enfield,366,694,129,10669,9.72145795124939,1097.4691299908193,37.648673875399744,71.38846904242465,13.269614562640893
E05013679,Edmonton Green,Enfield,1980,2543,1042,17010,2.9560172964508915,5754.364164385257,669.8201672829399,860.2791340406648,352.50132035799163
E05013680,Enfield Lock,Enfield,1113,1003,321,17706,3.273093846723297,5409.560748685994,340.04524530032256,306.43789850514247,98.07234837502565
E05013681,Grange Park,Enfield,200,469,65,9417,2.4555741070751336,3834.9484028469055,81.44734847290869,190.99403216897088,26.470388253695326
E05013682,Haselbury,Enfield,1183,1076,405,18169,1.9943642457374327,9110.1713434909,593.1714843607097,539.5203019206455,203.07223260024296
E05013683,Highfield,Enfield,405,630,140,9313,1.6590980318631163,5613.290969637151,244.10854103973435,379.7243971729201,84.38319937176001
E05013684,Jubilee,Enfield,980,1072,384,16656,4.019576700079256,4143.719909529675,243.80676701123204,266.69474922044975,95.53244748195215
E05013685,Lower Edmonton,Enfield,1164,1213,503,16554,2.1666129478632628,7640.497125398302,537.2440892813594,559.8600346205232,232.15960215508915
E05013686,New Southgate,Enfield,442,686,210,11865,1.0840352168567728,10945.216368895562,407.7358310199611,632.8207694110708,193.72064369726658
E05013687,Oakwood,Enfield,288,421,71,8753,1.9400656497040178,4511.702993831876,148.44858473935565,217.00296588634978,36.596699710049485
E05013688,Palmers Green,Enfield,610,1786,229,10968,1.468931419605273,7466.65218921336,415.26785516230393,1215.8498185571718,155.89563742978297
E05013689,Ponders End,Enfield,1331,2161,539,13668,3.413002136154283,4004.685451325526,389.9792461014249,633.1669052029896,157.92547982619686
E05013690,Ridgeway,Enfield,797,629,177,12540,11.068893973962938,1132.9045186897179,72.003580653565,56.825912460592704,15.990757560452955
E05013691,Southbury,Enfield,960,1246,293,15902,2.108492787121035,7541.880198562504,455.30153380832627,590.9434490887235,138.96182229774956
E05013692,Southgate,Enfield,648,1389,199,14474,2.3494668861899,6160.546498900564,275.80724963987603,591.1979471447343,84.7000658616286
E05013693,Town,Enfield,966,1846,351,13495,2.0872668094795612,6465.392895010313,462.80619018747404,884.4101729669535,168.16249767681512
E05013694,Upper Edmonton,Enfield,1760,2441,753,16628,2.3000971743193777,7229.259783304762,765.1850624618945,1061.2595099258435,327.377472746481
E05013695,Whitewebbs,Enfield,737,939,257,13870,10.402784949041244,1333.2968111849996,70.84641311055117,90.26429024532911,24.704922889296675
E05013696,Winchmore Hill,Enfield,304,722,85,10347,2.130694714754473,4856.162606660579,142.67646974241964,338.85661563824664,39.89309186876865
E05013697,Arsenal,Islington,844,1184,382,12969,0.8093984038291142,16023.011583227813,1042.749770702774,1462.8148442086306,471.9554649389332
E05013698,Barnsbury,Islington,1081,1790,619,11774,0.8943603559452111,13164.71590196612,1208.6850594551872,2001.4303944725118,692.1147565242932
E05013699,Bunhill,Islington,1278,3960,507,11114,0.8408014737978683,13218.340293575468,1519.9783062074364,4709.791934727267,602.9960886128092
E05013700,Caledonian,Islington,1113,2100,490,11665,0.8809499165557216,13241.388393118905,1263.4089396949284,2383.790452254582,556.2177721927358
E05013701,Canonbury,Islington,734,1113,285,12658,0.874259470648633,14478.539180832371,839.5676851580787,1273.0774299467869,325.99017747963546
E05013702,Clerkenwell,Islington,1236,3288,452,11021,0.9305228119882931,11843.87943853939,1328.2855445090906,3533.4974679173865,485.7484353706383
E05013703,Finsbury Park,Islington,2038,4112,993,14770,0.8404371878237173,17574.18664236693,2424.9283938485987,4892.69163665625,1181.527917120539
E05013704,Highbury,Islington,737,1374,316,13867,1.0811879394803396,12825.707255544316,681.6576222208236,1270.824386609785,292.2711107486842
E05013705,Hillrise,Islington,838,1074,358,14951,1.0197319671953742,14661.695897521553,821.7845737491178,1053.2179381939768,351.07264606465895
E05013706,Holloway,Islington,832,1488,317,12781,0.7853768862798475,16273.71549033064,1059.364000309451,1894.6317697842105,403.6278703102115
E05013707,Junction,Islington,1400,2333,510,12986,1.0565556018108508,12290.881783924146,1325.0604110190825,2208.1185277910854,482.70057829980857
E05013708,Laycock,Islington,1449,2225,501,12567,0.8716375321834807,14417.690308171163,1662.3882594525355,2552.6665819750806,574.7802056492204
E05013709,Mildmay,Islington,831,1229,325,14301,0.8988369931525058,15910.56010038246,924.5280360406841,1367.32245041396,361.57835344551427
E05013710,St Mary's & St James',Islington,1001,2784,415,11907,0.7522015985508816,15829.532964219787,1330.760266833292,3701.135447416468,551.7137969388773
E05013711,St Peter's & Canalside,Islington,1030,1878,449,11625,0.6498556012686914,17888.589368630357,1584.9674881453134,2889.872759938736,690.9227205604327
E05013712,Tollington,Islington,915,1639,399,13718,0.8161698660811522,16807.77564830605,1121.090152952328,2008.1603941954816,488.86882079560536
E05013713,Tufnell Park,Islington,705,1169,313,12376,0.8508863490435026,14544.833177676543,828.5477852506434,1373.8615049049677,367.85171174957645
E05013714,Bellingham,Lewisham,1320,1376,450,11521,2.4365073900134515,4728.48965992112,541.7590791681172,564.7427976782797,184.69059517094902
E05013715,Blackheath,Lewisham,1419,1897,669,16455,2.4414368854043325,6739.883426179516,581.215106760786,777.0014499825307,274.0189615383833
E05013716,Brockley,Lewisham,1059,1531,424,17424,1.6943423187010986,10283.636197765178,625.021277171334,903.5954441447708,250.24459067105343
E05013717,Catford South,Lewisham,1082,1689,375,17452,2.3730034378431264,7354.393053834973,455.9622555723952,711.7562381347278,158.02758395531256
E05013718,Crofton Park,Lewisham,815,1221,250,15493,1.7294588403682893,8958.293564650985,471.2456758013653,706.0011903723521,144.55388828262738
E05013719,Deptford,Lewisham,1881,2275,734,16976,1.2920871971482564,13138.432171967526,1455.7841019952236,1760.7170824237821,568.0731158237609
E05013720,Downham,Lewisham,1385,1289,458,18402,2.6931975126911807,6832.770308632797,514.2586065349649,478.6132446379565,170.05808071697757
E05013721,Evelyn,Lewisham,885,1210,321,14245,1.1446392069300642,12444.969483620309,773.1693922782712,1057.1016549793312,280.43771177550855
E05013722,Forest Hill,Lewisham,832,995,290,15114,1.8347133272346612,8237.799211269865,453.47683894247234,542.3190561872115,158.0628404967752
E05013723,Grove Park,Lewisham,889,924,289,15815,2.421483142283447,6531.121247074439,367.13036918426667,381.58432072695433,119.34834273819241
E05013724,Hither Green,Lewisham,1520,1370,461,20136,2.151343131473161,9359.734254112966,706.5353628452378,636.8114783539314,214.28473833661488
E05013725,Ladywell,Lewisham,1677,1245,452,15631,2.0465492228913735,7637.734692702116,819.4281286969132,608.3410973331287,220.85957911210778
E05013726,Lee Green,Lewisham,805,998,321,14950,1.814994825084663,8236.938085651365,443.5274353812274,549.8638267210745,176.8600083942534
E05013727,Lewisham Central,Lewisham,1382,2255,608,8053,0.6629902205308427,12146.483840368155,2084.495302047534,3401.256806162944,917.0572674709845
E05013728,New Cross Gate,Lewisham,810,816,244,11100,1.0887371790421867,10195.298014682654,743.9812064768423,749.4921783766708,224.1128572596908
E05013729,Perry Vale,Lewisham,924,1008,257,18572,1.9766589126489698,9395.652371359913,467.4554593547577,509.9514102051902,130.01737343525187
E05013730,Rushey Green,Lewisham,2184,2343,881,18898,1.9957861708007367,9468.950269566134,1094.3056084629293,1173.973461826302,441.4300554284985
E05013731,Sydenham,Lewisham,1176,1408,425,16979,1.8424834770154237,9215.279383402507,638.26895311157,764.1859574669138,230.66692608198747
E05013732,Telegraph Hill,Lewisham,885,971,339,16797,1.5435801656505812,10881.844930237541,573.3424280085862,629.0570594308896,219.61930293210253
E05013733,Addison,Hammersmith and Fulham,653,1127,296,7660,0.3749434915715927,20429.745207451826,1741.595772906794,3005.786272689061,789.4522952226815
E05013734,Avonmore,Hammersmith and Fulham,358,497,162,7488,0.479041156884138,15631.22477555945,747.3261845152622,1037.4891444248194,338.17553600969967
E05013735,Brook Green,Hammersmith and Fulham,804,793,421,8304,0.6933955712121245,11975.848050895078,1159.5112997253905,1143.6473391570082,607.1570362989918
E05013736,College Park & Old Oak,Hammersmith and Fulham,1181,1150,437,9982,3.424105552568089,2915.21387023641,344.9075917400521,335.85413251571543,127.62457035597187
E05013737,Coningham,Hammersmith and Fulham,779,983,282,10534,0.5793469713409124,18182.54089707038,1344.617368408755,1696.7379629599566,486.75493952666096
E05013738,Fulham Reach,Hammersmith and Fulham,1075,1052,343,12281,0.790825868298236,15529.335208049357,1359.3384373139857,1330.254917259826,433.7237990685555
E05013739,Fulham Town,Hammersmith and Fulham,296,703,120,7360,0.45839617215751904,16055.980496867844,645.729650417511,1533.6079197415888,261.78229070980177
E05013740,Grove,Hammersmith and Fulham,320,562,121,7331,0.5070407394350053,14458.404285558834,631.1129956866494,1108.392198674678,238.6396014940143
E05013741,Hammersmith Broadway,Hammersmith and Fulham,1311,2674,615,7833,0.6952636879529668,11266.229109508575,1885.615519285809,3846.022805926966,884.5564792988348
E05013742,Lillie,Hammersmith and Fulham,510,595,235,6734,0.42556774211183496,15823.567751125207,1198.3991020305696,1398.132285702331,552.2035077983996
E05013743,Munster,Hammersmith and Fulham,407,687,161,12184,0.7618475601633609,15992.700688556932,534.2276083587223,901.7552013327817,211.32836596008423
E05013744,Palace & Hurlingham,Hammersmith and Fulham,442,722,153,11280,1.5642861787225943,7210.956763174445,282.55699373431776,461.5523743804919,97.80819013880232
E05013745,Parsons Green & Sandford,Hammersmith and Fulham,327,713,160,7711,0.7447595073831081,10353.677829631817,439.06790951752095,957.3560228929432,214.83445114007142
E05013746,Ravenscourt,Hammersmith and Fulham,429,835,153,6955,0.7902670075262651,8800.822929165299,542.8544984344951,1056.6049095403343,193.60545049062412
E05013747,Sands End,Hammersmith and Fulham,577,700,204,11069,0.6736117594419341,16432.314081289664,856.5764951580212,1039.1742575573915,302.8450693452969
E05013748,Shepherd's Bush Green,Hammersmith and Fulham,1716,4081,792,5519,0.5938426704895066,9293.707364360782,2889.654255706306,6872.190569660509,1333.6865795567564
E05013749,Walham Green,Hammersmith and Fulham,743,1166,388,7941,0.47405551640779375,16751.202602120895,1567.3269781357292,2459.627532309906,818.4695390533822
E05013750,Wendell Park,Hammersmith and Fulham,260,339,73,7409,0.5680730719465881,13042.336216733429,457.687598373693,596.7542148026228,128.50459492799843
E05013751,West Kensington,Hammersmith and Fulham,615,801,236,9271,0.5531867130372036,16759.260086162798,1111.7403681361366,1447.9740404504803,426.61906809776946
E05013752,White City,Hammersmith and Fulham,807,711,405,10442,0.5891689345309131,17723.269826359316,1369.7259863888114,1206.784605108358,687.4089522769127
E05013753,Wormholt,Hammersmith and Fulham,391,433,131,8022,0.6479175519549258,12381.204947752476,603.4718442497156,668.2949068033935,202.18621891742387
E05013754,Beddington,Sutton,645,645,209,11112,5.097629004837257,2179.8369378108073,126.52941188696641,126.52941188696641,40.999452843993765
E05013755,Belmont,Sutton,378,363,92,11763,2.401288470217815,4898.620114114406,157.41548951247518,151.16884310324997,38.312764643247924
E05013756,Carshalton Central,Sutton,476,674,158,11524,2.179574497994668,5287.270524867461,218.39125041972505,309.2346697119636,72.49121337461462
E05013757,Carshalton South & Clockhouse,Sutton,393,389,122,9914,7.016272270051616,1413.001037932507,56.01264957711068,55.44254627352685,17.388150759306622
E05013758,Cheam,Sutton,301,422,121,10786,3.928522990967536,2745.561124320561,76.61912649921089,107.41950625470764,30.80037975549674
E05013759,Hackbridge,Sutton,375,321,102,6482,1.0664913442701331,6077.873988218853,351.62029398057234,300.9869716473699,95.64071996271568
E05013760,North Cheam,Sutton,378,470,127,11264,1.641203988995031,6863.2540960964625,230.3187187788053,286.3751265239114,77.38221503943987
E05013761,St Helier East,Sutton,501,401,177,8549,1.1191927539832747,7638.541233914884,447.64407043997625,358.29395657970156,158.1497015326862
E05013762,St Helier West,Sutton,997,621,313,12168,1.4530603640439799,8374.049902603847,686.1380467534545,427.3738485796342,215.4074309266111
E05013763,South Beddington & Roundshaw,Sutton,633,892,229,10995,2.9000693531357427,3791.288642153159,218.2706421539745,307.57885118695935,78.963628836114
E05013764,Stonecot,Sutton,342,473,149,8359,1.5742074417501573,5309.97362755871,217.25218095765987,300.4686596285764,94.65080398447755
E05013765,Sutton Central,Sutton,1513,1872,549,12501,1.1391075365404901,10974.380906973875,1328.2328063556092,1643.3918132833448,481.95625293405783
E05013766,Sutton North,Sutton,485,459,171,11298,1.9892909737702886,5679.410477888503,243.80545953052965,230.7354761330167,85.96027542210426
E05013767,Sutton South,Sutton,549,468,195,12213,1.3918620520994658,8774.576461494928,394.43564049461355,336.2402181265558,140.10009088606492
E05013768,Sutton West & East Cheam,Sutton,395,387,97,10774,1.5635971860229663,6890.52148232873,252.62260864301544,247.50620137935942,62.0364380718291
E05013769,The Wrythe,Sutton,517,697,200,10953,1.3787102631609818,7944.381276228376,374.98814204419523,505.5449419822129,145.06311104224187
E05013770,Wallington North,Sutton,598,594,170,12223,1.6207371581595695,7541.630015985964,368.9679088243153,366.49989605625973,104.8905426423639
E05013771,Wallington South,Sutton,617,815,198,11190,1.744663819275964,6413.8431005257235,353.6497938359581,467.1387066066546,113.48891277069644
E05013772,Worcester Park North,Sutton,282,357,91,8409,1.3125799081002747,6406.467102007166,214.84406264312295,271.98344100565566,69.32911241320635
E05013773,Worcester Park South,Sutton,161,212,38,7140,1.3286226821791993,5373.986230830421,121.1781208912742,159.5637368257772,28.601047166884594
E05013774,Barnes,Richmond upon Thames,319,592,163,10448,2.7157075291407526,3847.2478674114577,117.46478461947311,217.99107365118522,60.0211908870662
E05013775,East Sheen,Richmond upon Thames,241,796,183,10684,5.977490068411261,1787.3722712582721,40.31792562460161,133.16626056922357,30.61485638714562
E05013776,Fulwell & Hampton Hill,Richmond upon Thames,367,619,212,10697,2.80805964375736,3809.392020493818,130.69522964581014,220.43691321732013,75.49697189349251
E05013777,"Ham, Petersham & Richmond Riverside",Richmond upon Thames,455,584,213,10840,9.252248181949422,1171.6071366468732,49.17723682419993,63.11979407765442,23.02143174407601
E05013778,Hampton,Richmond upon Thames,293,448,147,10266,6.797809988823895,1510.1922555761441,43.10211678198034,65.9035778782498,21.62461149130072
E05013779,Hampton North,Richmond upon Thames,444,616,128,9790,1.9986697777509481,4898.25788581065,222.14775294177002,308.2049905678611,64.04259544267244
E05013780,Hampton Wick & South Teddington,Richmond upon Thames,339,477,143,10687,2.7558041960558914,3877.996853076587,123.0130937768282,173.08922044704144,51.890479085800685
E05013781,Heathfield,Richmond upon Thames,483,775,192,10417,1.828113110818405,5698.225092503463,264.20684647011353,423.9343809820663,105.02632406265383
E05013782,Kew,Richmond upon Thames,359,898,135,11779,3.2798736458672977,3591.2968826838073,109.45543602033167,273.79103494779343,41.160122180347564
E05013783,Mortlake & Barnes Common,Richmond upon Thames,422,750,180,12023,1.8204798845120234,6604.302581032223,231.80701066253002,411.9792843528377,98.87502824468105
E05013784,North Richmond,Richmond upon Thames,373,737,161,10632,2.6481384931748058,4014.8957569260233,140.85366039629483,278.3087070028667,60.79742446059911
E05013785,St Margarets & North Twickenham,Richmond upon Thames,340,815,119,11933,1.9026344796351646,6271.8299955797,178.69958924805985,428.35342716814347,62.54485623682095
E05013786,South Richmond,Richmond upon Thames,672,1801,252,11124,2.507611564816752,4436.093753943468,267.98408869561405,718.2133091380966,100.49403326085528
E05013787,South Twickenham,Richmond upon Thames,311,438,99,10647,1.7171766017927,6200.294127514161,181.11124952164027,255.0698626703487,57.65277717891443
E05013788,Teddington,Richmond upon Thames,361,691,138,10517,4.2605439277871255,2468.4641628521836,84.73096536936752,162.1858644604791,32.390230529010296
E05013789,Twickenham Riverside,Richmond upon Thames,657,1122,250,10984,1.7911811818778034,6132.266300656871,366.79706477891153,626.4022932754015,139.5727034927365
E05013790,West Twickenham,Richmond upon Thames,307,482,110,11370,1.549846601987446,7336.20990969021,198.08411981309538,310.99852035801945,70.97476605680941
E05013791,Whitton,Richmond upon Thames,361,625,133,10477,1.7082853911824392,6133.050164848651,211.32300367570514,365.8639260313455,77.85584345947032
E05013792,Abbey Road,Westminster,437,919,148,13160,1.2076107545053532,10897.551177730642,361.8715702635479,761.0068033688799,122.55604667964552
E05013793,Bayswater,Westminster,700,1826,392,12403,0.6630416129313406,18706.21656032373,1055.740675016255,2753.9749608281168,591.2147780091028
E05013794,Church Street,Westminster,1167,1559,426,11742,0.4454399124373147,26360.457768032662,2619.881980522408,3499.910889146902,956.3579466174343
E05013795,Harrow Road,Westminster,863,1290,345,11381,0.4938662843542272,23044.699264866078,1747.436557910502,2612.0430587538212,698.5696552481149
E05013796,Hyde Park,Westminster,2099,4374,993,10372,1.778719036009499,5831.1626457145585,1180.0627066481738,2459.0730247161086,558.2669212489931
E05013797,Knightsbridge & Belgravia,Westminster,1187,3986,462,11220,2.050016765655529,5473.125970466006,579.0196548077673,1944.3743420924689,225.36401054860025
E05013798,Lancaster Gate,Westminster,1014,2771,526,10949,1.6126982399100602,6789.242853399916,628.7599098865207,1718.2383730725335,326.1614522685502
E05013799,Little Venice,Westminster,505,984,197,10418,0.6338897884156165,16435.033645264102,796.668457559836,1552.3203212651063,310.779576513441
E05013800,Maida Vale,Westminster,601,1133,248,11797,0.6903412437138517,17088.65015298128,870.5839401493388,1641.2173114628965,359.24262422135774
E05013801,Marylebone,Westminster,1378,5771,494,12296,1.0982857149630865,11195.629545644477,1254.6826214946398,5254.552546186913,449.79188317732365
E05013802,Pimlico North,Westminster,1080,2371,407,10498,0.5973188604936456,17575.202616780054,1808.0795223968812,3969.4042107435234,681.3781163106765
E05013803,Pimlico South,Westminster,577,701,182,10793,0.4881496411920262,22110.023421597263,1182.014594113001,1436.035061478707,372.83649242385826
E05013804,Queen's Park,Westminster,773,783,324,12780,0.5779887653369101,22111.156421095016,1337.3962373635718,1354.6976117149763,560.5645289855074
E05013805,Regent's Park,Westminster,821,3049,351,11697,2.422295012281503,4828.891584507235,338.934768819393,1258.7236420588665,144.90390238198168
E05013806,St James's,Westminster,8383,32194,3327,10478,3.155579368589148,3320.4679002210264,2656.5644595870262,10202.24695358997,1054.3230295891728
E05013807,Vincent Square,Westminster,896,1394,416,10341,0.6175266889424823,16745.834933400234,1450.9494343222714,2257.3923118808552,673.6550945067689
E05013808,West End,Westminster,8583,57020,2788,11633,2.28404896898127,5093.148245936488,3757.8003434086545,24964.43849250396,1220.6393286057705
E05013809,Westbourne,Westminster,1007,964,382,11801,0.6301609002743518,18726.96321663598,1598.0045724220347,1529.7680315936857,606.194385963473
E05013810,Abbey,Merton,419,613,193,10518,1.3603696921924429,7731.721796189565,308.004509659957,450.6128029154025,141.8731989603143
E05013811,Cannon Hill,Merton,235,379,80,9857,2.2533641013025765,4374.348554812814,104.28851682875228,168.19296969403027,35.50247381404333
E05013812,Colliers Wood,Merton,605,1419,208,11561,1.1168187395352125,10351.724582282128,541.7172711945927,1270.5732360745903,186.24329323714926
E05013813,Cricket Green,Merton,907,814,349,11719,2.9243682964380864,4007.36118438771,310.1524527894575,278.35071286727504,119.34201325636239
E05013814,Figge's Marsh,Merton,840,697,299,11869,1.0715141675328426,11076.84840726682,783.9373714806748,650.4813665738457,279.04437389609734
E05013815,Graveney,Merton,523,571,154,11838,0.9933662483796096,11917.054781466837,526.4926212795367,574.8131677832035,155.0284200325978
E05013816,Hillside,Merton,334,628,105,8242,1.119719076107215,7360.774837072449,298.2891040502546,560.8549621064667,93.77352073436147
E05013817,Lavender Fields,Merton,578,586,177,11367,1.2095384509457414,9397.79962440393,477.8682310992761,484.4823242632799,146.33681125358456
E05013818,Longthornton,Merton,667,563,181,11886,1.5186361120229626,7826.759752319308,439.20989018988547,370.72738857107277,119.18589224043369
E05013819,Lower Morden,Merton,351,380,120,11335,2.4676712499865214,4593.39954625719,142.2393683931428,153.99133900112327,48.628843895091556
E05013820,Merton Park,Merton,376,646,144,8323,1.7072501947911163,4875.090965222193,220.23719847693675,378.38625057473706,84.34616111882684
E05013821,Pollards Hill,Merton,655,536,231,11712,2.1287892653174643,5501.718836530022,307.6866323366773,251.78631287398326,108.51238483934726
E05013822,Ravensbury,Merton,534,430,150,9498,1.599842337507629,5936.835010127807,333.78289065153183,268.7764849815706,93.7592389470595
E05013823,Raynes Park,Merton,426,629,135,12300,1.8656168305252228,6592.993694496854,228.34270844354958,337.1539051901237,72.36212591520938
E05013824,St Helier,Merton,521,555,188,11370,1.4047660151658452,8093.8746220007815,370.88027071788986,395.08358972827034,133.83011688092762
E05013825,Village,Merton,309,486,101,11911,6.654997677917378,1789.7827432041179,46.43127089665624,73.02782412872146,15.176564273664336
E05013826,Wandle,Merton,315,412,109,5580,0.8125540798123428,6867.235226101733,387.6665046992914,507.04317440034305,134.14491749911988
E05013827,West Barnes,Merton,395,530,113,10690,1.9465144673803043,5491.867735453835,202.92682464960382,272.281562188076,58.05248401368413
E05013828,Wimbledon Park,Merton,356,830,109,10965,2.014365112037184,5443.40245692142,176.7306224043799,412.04049605515536,54.11134225302643
E05013829,Wimbledon Town & Dundonald,Merton,702,1662,275,12885,1.4519861964678258,8874.051303893037,483.475670572985,1144.6389807582636,189.3957398968246
E05013882,Cann Hall,Waltham Forest,822,1026,258,16088,1.0059199239910583,15993.320756755393,817.1624603464031,1019.961903060109,256.48164813792215
E05013883,Cathall,Waltham Forest,673,811,264,10483,0.8953932121122891,11707.705461905325,751.6250859355417,905.7473175241075,294.8425299955171
E05013884,Chapel End,Waltham Forest,768,1201,374,13568,1.6315744693524445,8315.893791464512,470.71096932817994,736.0987944832606,229.22643558429596
E05013885,Chingford Green,Waltham Forest,522,773,228,11541,3.833138203154653,3010.8489149965467,136.1808451285155,201.66243924203542,59.481288676822864
E05013886,Endlebury,Waltham Forest,364,416,174,9341,1.6367278799033635,5707.118522690233,222.3949408263831,254.16564665872355,106.30966951590841
E05013887,Forest,Waltham Forest,1087,1184,371,17233,2.15101072210776,8011.582565759368,505.343831542995,550.4389112667029,172.47705749995507
E05013888,Grove Green,Waltham Forest,648,811,315,14622,0.898499665106875,16273.795715060995,721.2022721487843,902.6158066553458,350.5844378501035
E05013889,Hale End & Highams Park South,Waltham Forest,351,650,160,9821,1.809566042415206,5427.268068587334,193.9691571198609,359.20214281455725,88.4189890005064
E05013890,Hatch Lane & Highams Park North,Waltham Forest,601,715,199,13083,2.7239811821681337,4802.896615308729,220.6329485439537,262.4834579183476,73.05483653951212
E05013891,High Street,Waltham Forest,1105,2700,512,11523,0.8204186802810303,14045.267711423703,1346.8732813610336,3291.0025879409873,624.071601861402
E05013892,Higham Hill,Waltham Forest,715,913,226,14284,3.0291505128099976,4715.513454875974,236.03977318932522,301.40463345713835,74.60837586124126
E05013893,Hoe Street,Waltham Forest,868,1462,385,14239,1.0704507133623282,13301.873521364412,810.8733911471529,1365.779836240942,359.66158478301134
E05013894,Larkswood,Waltham Forest,549,759,218,13560,2.16830691406374,6253.727233930403,253.19293889585478,350.0426969434495,100.53927263988405
E05013895,Lea Bridge,Waltham Forest,1135,1773,529,15475,2.494669130726345,6203.227437818304,454.9701545669645,710.7154925526238,212.05216895676142
E05013896,Leyton,Waltham Forest,936,1384,412,13029,1.9692875313571283,6616.098356658515,475.2987997415281,702.7922423528578,209.21271954434783
E05013897,Leytonstone,Waltham Forest,813,2324,331,12144,1.3173899776646465,9218.22710502764,617.129334353382,1764.0941857776872,251.2543784390768
E05013898,Markhouse,Waltham Forest,525,764,177,9257,0.7525180768923899,12301.365620647743,697.657659159562,1015.2580030436292,235.2102965166523
E05013899,St James,Waltham Forest,654,1474,261,11636,3.108299550171753,3743.525941493328,210.40443156897874,474.21426931601627,83.9687410389961
E05013900,Upper Walthamstow,Waltham Forest,384,498,183,8311,1.6649522773287364,4991.7346660135145,230.63724121636258,299.1076722024702,109.9130602671728
E05013901,Valley,Waltham Forest,829,2271,323,14184,2.2085300764357445,6422.371219363683,375.3627848880776,1028.2857472627554,146.25112125313518
E05013902,William Morris,Waltham Forest,691,970,234,15078,0.9478060390628344,15908.318135331494,729.0521177552768,1023.4161421456128,246.88595594028183
E05013903,Wood Street,Waltham Forest,514,760,217,9647,0.6964776959914095,13851.125535711322,737.9992251845775,1091.2050800394532,311.5677662744228
E05013904,Beckton,Newham,1456,2502,983,16143,5.322765163539193,3032.8221336118945,273.5420322454883,470.05643178448616,184.6784462206834
E05013905,Boleyn,Newham,788,1084,229,15126,0.7637755702819835,19804.246939209548,1031.7166857131513,1419.2650854226597,299.82629572120766
E05013906,Canning Town North,Newham,1111,1644,441,10584,1.8557029637160731,5703.4990011576965,598.6949537307446,885.9176453045401,237.64579171490402
E05013907,Canning Town South,Newham,634,1674,201,7089,0.6616994041669324,10713.323837619173,958.1389918254415,2529.849640876639,303.7633081339334
E05013908,Custom House,Newham,1125,1779,539,17706,1.5623921804725944,11332.622001887046,720.0496866668319,1138.6385711824837,344.9838054341533
E05013909,East Ham,Newham,1471,3019,647,15240,0.980683195134025,15540.18675512965,1499.9747189498498,3078.466129510263,659.7441489874594
E05013910,East Ham South,Newham,1075,1087,313,18559,1.8414677786595472,10078.373466577614,583.7734509710078,590.2899918190564,169.97310711993066
E05013911,Forest Gate North,Newham,633,742,199,11025,0.8045530029254008,13703.261264220591,786.7722793879033,922.2512342904016,247.34231216144195
E05013912,Forest Gate South,Newham,1471,1920,535,17802,1.2304267889120426,14468.150531524701,1195.5201343597817,1560.434165853692,434.8084785061069
E05013913,Green Street East,Newham,973,1503,231,17035,0.7698186141648451,22128.589367095,1263.9341035622797,1952.4079729230282,300.0706864572319
E05013914,Green Street West,Newham,980,1688,279,15877,0.8147280359352972,19487.484534361716,1202.8553784515009,2071.8570192103407,342.4455618244579
E05013915,Little Ilford,Newham,996,1225,298,17559,1.9649054763234806,8936.307731634251,506.894612489761,623.4396589357001,151.66123947986827
E05013916,Manor Park,Newham,893,1080,259,15771,1.3377737309150997,11788.989150812447,667.5269362548675,807.3114122679249,193.605236830919
E05013917,Maryland,Newham,810,1145,281,12501,0.93467171709057,13374.74941352981,866.6144328421043,1225.0290439558141,300.64031559090284
E05013918,Plaistow North,Newham,1166,1725,399,18333,0.9915713199325243,18488.83648757363,1175.9113808166067,1739.6630633864893,402.3916303137445
E05013919,Plaistow South,Newham,1393,1178,348,13193,1.1643874803836072,11330.420690931483,1196.3371501908252,1011.6907127959743,298.86958238794483
E05013920,Plaistow West & Canning Town East,Newham,1103,1385,381,16760,1.234354589329969,13577.94603339843,893.584395873417,1122.043869705061,308.6633316661576
E05013921,Plashet,Newham,756,854,243,11800,0.6961577708336442,16950.18068371137,1085.9607285496436,1226.7334155838566,349.0588056052426
E05013922,Royal Albert,Newham,718,1104,486,9246,2.644585875407864,3496.1995698377636,271.4980847007911,417.45666505525537,183.7716840732374
E05013923,Royal Victoria,Newham,936,1630,360,14365,2.0797066327857436,6907.224208232795,450.0634778215034,783.7643897959941,173.10133762365516
E05013924,Stratford,Newham,1896,4430,795,15566,1.9436979905013023,8008.445795627616,975.4601842804805,2279.1606626384646,409.0141595479863
E05013925,Stratford Olympic Park,Newham,1641,7243,924,11701,1.8245409490824565,6413.119971839666,899.4043136303642,3969.7656572972137,506.42875429278274
E05013926,Wall End,Newham,968,873,302,16451,1.4242390858396885,11550.729202394405,679.6611675835987,612.9588835748777,212.04305021719713
E05013927,West Ham,Newham,976,892,373,15824,1.3384982001224337,11822.20491484603,729.1754295304427,666.4185278085603,278.67052788407284
E05013928,Alexandra,Kingston upon Thames,195,296,130,6465,1.2921246647547107,5003.387193469663,150.9142308935165,229.08006330503017,100.60948726234433
E05013929,Berrylands,Kingston upon Thames,101,215,35,6141,1.2255626028454703,5010.759944650752,82.4111308271822,175.42963492915024,28.558312662884923
E05013930,Canbury Gardens,Kingston upon Thames,290,548,104,8155,0.7724517956111413,10557.293084609897,375.42795763787495,709.4293820191568,134.63623308392758
E05013931,Chessington South & Malden Rushett,Kingston upon Thames,355,388,139,9479,7.462727583137778,1270.1790189176998,47.569738550035176,51.99171424623563,18.625897629450392
E05013932,Coombe Hill,Kingston upon Thames,409,379,119,7407,4.190022685522859,1767.7708585188018,97.6128366591319,90.45297088951342,28.40080088615329
E05013933,Coombe Vale,Kingston upon Thames,260,322,81,10415,1.6804824720824119,6197.624892269178,154.71747210657574,191.61163853198997,48.20044323320244
E05013934,Green Lane & St James,Kingston upon Thames,223,275,83,7117,1.3293199784116023,5353.865221001242,167.75494510092412,206.87269014687953,62.437939207967275
E05013935,Hook & Chessington North,Kingston upon Thames,383,514,131,11097,2.037166025353976,5447.273252101187,188.00627697168193,252.31129598810577,64.30501901642384
E05013936,King George's & Sunray,Kingston upon Thames,235,334,66,5583,2.3583287630175307,2367.354411119693,99.64683621943898,141.625716158692,27.98591995950201
E05013937,Kingston Gate,Kingston upon Thames,365,413,166,10806,1.0816204052472844,9990.565957869007,337.45665136240865,381.83451236349254,153.47343596208174
E05013938,Kingston Town,Kingston upon Thames,1929,4282,1023,10366,1.491526343732044,6949.927531325102,1293.3060204443489,2870.884592816331,685.874576938605
E05013939,Motspur Park & Old Malden East,Kingston upon Thames,195,168,68,7008,1.5428884501266453,4542.13005446036,126.38632428935077,108.88667938774836,44.07317975218386
E05013940,New Malden Village,Kingston upon Thames,428,731,111,9555,1.6763784982550973,5699.78677843075,255.31227013797604,436.05904081976746,66.21416351709192
E05013941,Norbiton,Kingston upon Thames,662,609,197,11134,1.3458147933663653,8273.055144645776,491.8953211564131,452.51397369222894,146.37972548008062
E05013942,Old Malden,Kingston upon Thames,195,187,82,6722,1.7217182394711343,3904.239291827923,113.25895000095879,108.61242897527843,47.6268405132237
E05013943,St Mark's & Seething Wells,Kingston upon Thames,501,757,213,11739,1.827504499831035,6423.513595225264,274.14433181768953,414.2260662395029,116.55238059314944
E05013944,Surbiton Hill,Kingston upon Thames,413,460,114,10590,1.6646831771024222,6361.570865654537,248.09525661145642,276.3288572427844,68.48149940364657
E05013945,Tolworth,Kingston upon Thames,666,620,183,11251,1.417066306555065,7939.6425897328345,469.98506486197385,437.5236339555913,129.1400403449568
E05013946,Tudor,Kingston upon Thames,130,184,47,6962,1.1543993465159126,6030.841944784515,112.61267636052672,159.39024961797628,40.71381376111351
E05013967,Beam Park,Havering,586,659,229,4911,2.0398827772483012,2407.491280761089,287.27140918875955,323.0577792754139,112.26135273758692
E05013968,Cranham,Havering,291,335,100,12950,5.28377434687861,2450.899518002735,55.07426716129698,63.401647763005116,18.925865003882123
E05013969,Elm Park,Havering,795,1131,297,16644,4.108496394237474,4051.1171004907455,193.5014476622292,275.2831915798506,72.28922007004034
E05013970,Emerson Park,Havering,276,351,60,9557,3.5254302427757604,2710.874798780662,78.28831688432173,99.56231603767002,17.019199322678634
E05013971,Gooshays,Havering,1142,916,465,17796,7.780136823735202,2287.363372030806,146.78405095859637,117.7357186322892,59.76758642359659
E05013972,Hacton,Havering,215,309,65,8565,1.819132533796098,4708.288066360331,118.18820014798263,169.8611806777983,35.7313163238087
E05013973,Harold Wood,Havering,605,1051,218,13820,9.089904340999091,1520.3680348610812,66.55735608472895,115.62277891743824,23.98265062226597
E05013974,Havering-atte-Bower,Havering,757,894,259,16286,10.865015239614396,1498.9394529904034,69.67316504443912,82.28244326252123,23.83797852907494
E05013975,Heaton,Havering,1345,1397,460,17190,3.238784276921604,5307.547070204605,415.2792791986733,431.3346862754993,142.02860106423026
E05013976,Hylands & Harrow Lodge,Havering,496,854,191,13747,2.9552401644196657,4651.736994343254,167.83745902336904,288.97820565717166,64.63095700295057
E05013977,Marshalls & Rise Park,Havering,517,722,183,12966,3.9569389645816746,3276.7753346862046,130.6565515990103,182.4642751537436,46.24787029520094
E05013978,Mawneys,Havering,595,882,298,14537,3.0132176695079633,4824.410843964613,197.46333164744757,292.71035044209873,98.89760139653676
E05013979,Rainham & Wennington,Havering,800,1154,330,13515,16.644103110227185,811.9992955159917,48.06507113672167,69.33386511472101,19.82684184389769
E05013980,Rush Green & Crowlands,Havering,1155,940,362,16023,3.7663528264524975,4254.248271023497,306.66271940536353,249.578317091811,96.11420296514423
E05013981,St Alban's,Havering,686,691,364,8755,1.0878108184271018,8048.274434941837,630.6243589229126,635.220746378619,334.617006775423
E05013982,St Andrew's,Havering,707,1288,222,14586,2.868526690511499,5084.840259024784,246.46798732555345,449.0109868109093,77.39164524225299
E05013983,St Edward's,Havering,2027,2742,993,10400,1.8154436806536152,5728.627172976075,1116.5314691944716,1510.3745873365767,546.9737291120425
E05013984,South Hornchurch,Havering,481,549,165,10982,2.955905415542117,3715.2744950013516,162.72509853356857,185.72989416825186,55.8204599959227
E05013985,Squirrels Heath,Havering,605,687,200,15534,2.9971690789845593,5182.890784814488,201.85714721338775,229.21629774478907,66.72963544244223
E05013986,Upminster,Havering,374,940,132,13322,22.516993591483196,591.642038972685,16.609677418989957,41.74624805842395,5.8622390890552785
E05013987,Beckenham Town & Copers Cope,Bromley,776,1487,264,16316,3.0046739667376574,5430.206465201013,258.26429376047963,494.89562477040363,87.8631102484106
E05013988,Bickley & Sundridge,Bromley,473,947,165,17807,6.452065307386374,2759.891469110582,73.3098593187682,146.77470776928854,25.573206739105185
E05013989,Biggin Hill,Bromley,449,668,121,10729,8.663068529181807,1238.4757160651611,51.8292102258605,77.10893637165883,13.967337276902274
E05013990,Bromley Common & Holwood,Bromley,888,1058,338,18841,6.99662622128275,2692.869306450634,126.91831347211735,151.2157383485362,48.30899769546809
E05013991,Bromley Town,Bromley,1755,3142,898,15280,3.340836256792686,4573.705152095454,525.3175747334766,940.4830882122982,268.79497556163074
E05013992,Chelsfield,Bromley,288,416,102,11264,9.013027202240531,1249.7465887154876,31.953748006930084,46.1554137877879,11.31695241912107
E05013993,Chislehurst,Bromley,524,866,179,15569,10.03927005194311,1550.809961226873,52.19502984667489,86.26125161683294,17.82998156976108
E05013994,Clock House,Bromley,597,977,218,17354,2.4380121256814453,7118.094211754344,244.8716286975535,400.7363169807534,89.41711064667783
E05013995,Crystal Palace & Anerley,Bromley,862,1302,293,11876,2.021008453306538,5876.274283054024,426.5197399791654,644.2328323119181,144.9771273943103
E05013996,Darwin,Bromley,210,288,75,5740,33.64053483095958,170.6274893916801,6.242469124085856,8.561100513032033,2.2294532586020916
E05013997,Farnborough & Crofton,Bromley,829,1118,268,17731,5.533547735500453,3204.273433162389,149.8134722289561,202.04036423639675,48.43185833215951
E05013998,Hayes & Coney Hall,Bromley,392,681,147,15955,11.845166569582048,1346.9629072985645,33.09366716772406,57.491804441887965,12.41012518789652
E05013999,Kelsey & Eden Park,Bromley,1268,1073,283,15424,4.961458102494864,3108.7635290609546,255.57003078639073,216.26706863864135,57.03968352724651
E05014000,Mottingham,Bromley,895,1014,268,11409,2.99823627755069,3805.237127382171,298.50882890762057,338.19882962271197,89.38588396339922
E05014001,Orpington,Bromley,757,1283,237,11976,3.300510868680971,3628.5291812373684,229.3584327151543,388.72770036135137,71.80706546035874
E05014002,Penge & Cator,Bromley,1269,2107,520,18917,3.0566477185225835,6188.806084969269,415.16069788158813,689.317250146971,170.12101095226623
E05014003,Petts Wood & Knoll,Bromley,350,817,152,17391,4.813030555928255,3613.315934298265,72.71925576472846,169.74751988509473,31.580933932110646
E05014004,Plaistow,Bromley,550,944,212,13477,2.241771319630392,6011.763948439664,245.34170599108222,421.095582646512,94.56807576383532
E05014005,Shortlands & Park Langley,Bromley,364,656,119,16229,4.549162989634543,3567.469452507736,80.01471937351752,144.2023513984272,26.158658256726884
E05014006,St Mary Cray,Bromley,1119,1831,458,18427,8.833875834825152,2085.9473626917606,126.67146572160851,207.27028930854797,51.84587247586836
E05014007,St Paul's Cray,Bromley,1243,1715,509,17374,8.646749153702908,2009.310052964785,143.75344744072913,198.34043633214034,58.86605369857693
E05014008,West Wickham,Bromley,282,721,90,14813,3.725885953594286,3975.6987155525258,75.6866966708845,193.51102233938911,24.155328724750376
E05014009,Balham,Wandsworth,821,2324,312,17750,1.4482558488255015,12256.121744231032,566.8887860289395,1604.6888413291786,215.43154840563844
E05014010,Battersea Park,Wandsworth,1091,1888,434,19271,1.7977201960154738,10719.688215503658,606.8797593853194,1050.219051988527,241.41687953549828
E05014011,East Putney,Wandsworth,677,945,327,16991,1.6638216182092234,10212.032235936127,406.8945808798045,567.9695405190771,196.5354917986648
E05014012,Falconbrook,Wandsworth,904,886,328,12071,0.847017729646604,14251.177487201252,1067.2739995385577,1046.0229685742945,387.2410086821316
E05014013,Furzedown,Wandsworth,871,939,233,18200,1.5664309583346803,11618.76934515452,556.0411043752521,599.4518909395656,148.7457833747804
E05014014,Lavender,Wandsworth,712,2125,272,13508,0.7907103989140144,17083.37214048569,900.4560974256597,2687.4567514459645,343.9944641850835
E05014015,Nine Elms,Wandsworth,609,1573,237,5377,0.8084613533263609,6650.905424083277,753.2827605108267,1945.6712352767331,293.149448671701
E05014016,Northcote,Wandsworth,257,808,97,12807,1.425756793822026,8982.597912557218,180.2551466797224,566.7165701058976,68.03404368845554
E05014017,Roehampton,Wandsworth,1291,1144,476,18997,4.106676404194698,4625.881888476974,314.366137707205,278.570768037988,115.90881607175025
E05014018,St Mary's,Wandsworth,736,1183,275,14188,0.9663182867119356,14682.532862207454,761.6538050877281,1224.2343089929109,284.58532119446363
E05014019,Shaftesbury & Queenstown,Wandsworth,926,1303,293,15186,1.4299945265037892,10619.621067451519,647.5549261464577,911.1922988864302,204.89588915865238
E05014020,South Balham,Wandsworth,434,868,166,9832,1.5266546339815226,6440.225432230272,284.2817165976341,568.5634331952682,108.73448146361119
E05014021,Southfields,Wandsworth,299,681,100,12643,1.1474163506544,11018.6681519654,260.5854447075579,593.5073172101904,87.15232264466819
E05014022,Thamesfield,Wandsworth,696,1886,325,16741,1.589640679136349,10531.31076709447,437.83479445061533,1186.4316412842825,204.44871867306034
E05014023,Tooting Bec,Wandsworth,736,845,217,17142,1.1430865576122722,14996.239686176468,643.8707507307129,739.2266091949082,189.83689253881073
E05014024,Tooting Broadway,Wandsworth,1735,2432,652,17230,1.6163333541068583,10659.929745445876,1073.4171856267321,1504.6401126479611,403.38213546318696
E05014025,Trinity,Wandsworth,354,604,123,11279,0.9957485023434293,11327.157383069729,355.51145612258927,606.5788686385421,123.5251669578488
E05014026,Wandle,Wandsworth,360,602,128,10628,0.8195320363686781,12968.376498242033,439.27507897696006,734.5655487336944,156.1866947473636
E05014027,Wandsworth Common,Wandsworth,1602,1060,342,16601,2.8176931771788847,5891.698973633873,568.5501931065276,376.19426010793956,121.37588392161824
E05014028,Wandsworth Town,Wandsworth,1106,2023,429,18168,1.5614541064494478,11635.3083481344,708.3141255524354,1295.5872296497078,274.7439058426716
E05014029,West Hill,Wandsworth,680,672,202,16776,1.6748863990840044,10016.201701306307,405.9976846023062,401.2212412540438,120.60519454362625
E05014030,West Putney,Wandsworth,630,880,298,17043,2.5188682227898216,6766.134030276381,250.1123299345256,349.3632545117183,118.3071020960137
E05014053,Abbey,Barking and Dagenham,991,1776,509,3985,0.45940250888433104,8674.310485760427,2157.149734350962,3865.8909467278586,1107.9608625475676
E05014054,Alibon,Barking and Dagenham,688,545,234,9911,1.4436696361840908,6865.144040984866,476.56332359979695,377.5101909329787,162.0869443638844
E05014055,Barking Riverside,Barking and Dagenham,881,1228,224,9922,4.42786708060099,2240.808005161098,198.9671288597992,277.3344316002649,50.58869110623725
E05014056,Beam,Barking and Dagenham,803,737,167,8580,2.7566443685818807,3112.4798315619755,291.2961893641336,267.3540368136569,60.5809011504487
E05014057,Becontree,Barking and Dagenham,687,587,184,9781,0.9164761129748862,10672.400362133634,749.6103720259489,640.4967807557962,200.76900793708091
E05014058,Chadwell Heath,Barking and Dagenham,1107,858,409,14191,3.534385062548045,4015.1256155913243,313.2086573504049,242.75792954530027,115.7202717762562
E05014059,Eastbrook & Rush Green,Barking and Dagenham,587,401,192,8776,3.35762616536875,2613.751373073476,174.82589516797293,119.42961492735458,57.18325702257376
E05014060,Eastbury,Barking and Dagenham,982,863,267,15515,2.1274959985585244,7292.610660848302,461.57548623609625,405.64118596919656,125.49964849800172
E05014061,Gascoigne,Barking and Dagenham,1020,760,326,10772,0.9216464548136839,11687.77891320335,1106.7150474811938,824.6112118487325,353.71480929300895
E05014062,Goresbrook,Barking and Dagenham,1170,1073,368,13106,1.612633956349998,8127.076791601143,725.5211236207338,665.3710817479038,228.19809700207696
E05014063,Heath,Barking and Dagenham,840,899,255,9016,1.0810791056885314,8339.815238828221,777.0014197666045,831.5765194883065,235.87543100057638
E05014064,Longbridge,Barking and Dagenham,751,772,272,13343,1.6607457213832872,8034.342541545852,452.2064939444604,464.85141587899255,163.78184600917874
E05014065,Mayesbrook,Barking and Dagenham,906,691,278,15926,1.669992972848274,9536.567074792682,542.5172529048205,413.7741962000341,166.46776634386322
E05014066,Northbury,Barking and Dagenham,1479,1226,627,12863,0.9841476218398869,13070.193652403816,1502.8233236340855,1245.748069489783,637.0995428793588
E05014067,Parsloes,Barking and Dagenham,989,726,300,15238,2.150821608256631,7084.7344761201775,459.82428119719486,337.5454278555748,139.481581758502
E05014068,Thames View,Barking and Dagenham,507,430,110,5974,1.5439235152248743,3869.362660189731,328.38414273789647,278.5112058723777,71.24705266502686
E05014069,Valence,Barking and Dagenham,887,863,233,15537,1.5048104366821156,10324.888518355034,589.4430144674593,573.4941617648449,154.83677832121535
E05014070,Village,Barking and Dagenham,1027,1049,366,12588,2.241626977064596,5615.564109816321,458.1493756578775,467.9636758180268,163.2742663006652
E05014071,Whalebone,Barking and Dagenham,941,839,269,13690,1.7035651076666685,8036.088517186678,552.3710222551251,492.49658626147715,157.9041498263854
E05014072,Abbey Wood,Greenwich,1251,1580,521,17659,2.7217761801364437,6488.042671868319,459.6263311913057,580.503280001809,191.4191195449003
E05014073,Blackheath Westcombe,Greenwich,677,791,245,15149,2.6617880790498463,5691.287040930621,254.34030805399894,297.16866125659254,92.04339065469681
E05014074,Charlton Hornfair,Greenwich,709,574,244,12333,1.3603205396516331,9066.245521190454,521.2006871421415,421.9593715367973,179.36948894595562
E05014075,Charlton Village & Riverside,Greenwich,798,900,333,10571,2.1611517005504095,4891.373427098034,369.2475636008165,416.4446206024246,154.0845096228971
E05014076,East Greenwich,Greenwich,807,1369,320,14428,1.1294084018824282,12774.829703721258,714.5333775230839,1212.1390258105353,283.33417696082637
E05014077,Eltham Page,Greenwich,605,539,219,9822,1.5336419789126239,6404.363035865745,394.48581110759267,351.4509953504008,142.79734319431867
E05014078,Eltham Park & Progress,Greenwich,287,723,131,10890,2.562097152488962,4250.424301600295,112.01761015236774,282.1907043211215,51.12998930299712
E05014079,Eltham Town & Avery Hill,Greenwich,1073,1602,491,15843,5.23788568929492,3024.693729452628,204.85364966879186,305.8485990395196,93.74011368814242
E05014080,Greenwich Creekside,Greenwich,707,1599,350,10906,0.488335022008918,22333.028573569794,1447.776563498427,3274.3914074030904,716.7210710388252
E05014081,Greenwich Park,Greenwich,906,1465,359,10647,2.027405394193875,5251.539741627942,446.87658550905564,722.5984522856143,177.07361390480241
E05014082,Greenwich Peninsula,Greenwich,1572,2658,521,11338,2.2686149261811,4997.763114909041,692.9338169551079,1171.6400034775297,229.65554620458727
E05014083,Kidbrooke Park,Greenwich,598,664,181,10120,1.8186979191969423,5564.420508309896,328.8066664001302,365.09636536736866,99.52175019803272
E05014084,Kidbrooke Village & Sutcliffe,Greenwich,459,643,129,6060,1.2877949470661967,4705.718106602027,356.42320312381685,499.3030928292249,100.17122702172631
E05014085,Middle Park & Horn Park,Greenwich,649,478,247,9569,2.206948372357742,4335.851313901458,294.0712198476378,216.58866423292892,111.91924699902394
E05014086,"Mottingham, Coldharbour & New Eltham",Greenwich,698,758,261,14610,2.775569251163987,5263.785075394182,251.47994405373984,273.09713122168307,94.03476418055315
E05014087,Plumstead & Glyndon,Greenwich,1730,1465,641,22086,1.7860813424964588,12365.618224940274,968.6009023429626,820.2313999609481,358.88623029008033
E05014088,Plumstead Common,Greenwich,933,1061,337,15132,2.438961289851898,6204.280511938287,382.5398967511514,435.0212545047927,138.17357471075886
E05014089,Shooters Hill,Greenwich,808,623,231,11866,2.5146857658593564,4718.68102213756,321.3125118731795,247.7446719022164,91.86038396374316
E05014090,Thamesmead Moorings,Greenwich,920,1028,347,12411,2.2352950583855105,5552.287136967103,411.57877415274635,459.8945432924166,155.23677677282933
E05014091,West Thamesmead,Greenwich,988,635,327,11715,2.056128399032851,5697.601378158304,480.5147385079304,308.83285319082574,159.03676061952757
E05014092,Woolwich Arsenal,Greenwich,1818,2262,870,11994,0.9888638704954721,12129.07090436056,1838.47347875,2287.473602273102,879.7975393358086
E05014093,Woolwich Common,Greenwich,1472,981,423,12738,2.0553194138150204,6197.576841040059,716.1903838915816,477.2980751342674,205.8074268927575
E05014094,Woolwich Dockyard,Greenwich,795,596,372,11650,0.9775201707702054,11917.912640944032,813.2824506051936,609.7060887555917,380.55480707563777
E05014095,Brixton Acre Lane,Lambeth,1217,2092,610,15210,1.0580990633619232,14374.835520289478,1150.1758598417025,1977.1305659727539,576.5055665599331
E05014096,Brixton North,Lambeth,1259,1754,442,16216,0.9121524902015195,17777.729243952886,1380.251672307393,1922.924093111332,484.5681010006891
E05014097,Brixton Rush Common,Lambeth,930,920,357,14961,0.9822557165087347,15231.267936191196,946.8002928051476,936.6196444954148,363.4491446574599
E05014098,Brixton Windrush,Lambeth,1801,2485,979,9438,0.6212875757841524,15191.032893403533,2898.818631173953,3999.7580779940436,1575.7598222761242
E05014099,Clapham Common & Abbeville,Lambeth,428,934,128,10040,1.0775978373218922,9317.019441085724,397.1797132255667,866.7426452165404,118.78271797400126
E05014100,Clapham East,Lambeth,1244,1602,264,9865,0.6285596908876552,15694.611256519802,1979.127866508934,2548.683956710058,420.0078430533429
E05014101,Clapham Park,Lambeth,574,725,179,12688,0.9352182058835353,13566.887299860866,613.7605067875265,775.2201523013184,191.39918243025653
E05014102,Clapham Town,Lambeth,1369,3507,419,15883,1.2438393857569876,12769.333550516068,1100.6244179724547,2819.495861087946,336.86021265921
E05014103,Gipsy Hill,Lambeth,617,643,268,10228,1.0490282553009278,9749.975702099617,588.1633758501627,612.948218268484,255.47452954269627
E05014104,Herne Hill & Loughborough Junction,Lambeth,1492,2125,491,16117,2.069152449645997,7789.179575800416,721.0681843453633,1026.9905440575717,237.29522688577305
E05014105,Kennington,Lambeth,949,1201,333,14640,1.0169406829846965,14396.11989662165,933.1911053206247,1180.9931691149318,327.45272715676293
E05014106,Knight's Hill,Lambeth,1013,1127,319,16863,1.656449575528787,10180.207263246659,611.5489508194784,680.370846568166,192.58056792834512
E05014107,Myatt's Fields,Lambeth,710,741,236,10894,0.8186237885899579,13307.700254795207,867.3092694055991,905.1777022951394,288.288714901016
E05014108,Oval,Lambeth,794,1760,280,12530,0.7909934420618232,15840.839296137512,1003.800989715338,2225.050052769515,353.98523566787736
E05014109,St Martin's,Lambeth,623,839,211,10751,0.8641311732999315,12441.398172159717,720.9553586880759,970.9174092123526,244.17589194732588
E05014110,Stockwell East,Lambeth,573,885,178,10825,0.6291480183276161,17205.807988992347,910.7554713803801,1406.6642097236236,282.9222930291582
E05014111,Stockwell West & Larkhall,Lambeth,1020,1276,309,16330,0.9719598521332533,16801.105482041246,1049.4260619523618,1312.8114265207978,317.9143658267449
E05014112,Streatham Common & Vale,Lambeth,1073,1317,305,17762,1.9443692161812207,9135.096283248567,551.8499218514645,677.3404912193652,156.86321170987574
E05014113,Streatham Hill East,Lambeth,574,644,169,9908,0.8390104721394576,11809.149383719641,684.1392557786711,767.5708723370457,201.42775997664708
E05014114,Streatham Hill West & Thornton,Lambeth,454,742,136,10856,0.9153658898710036,11859.738406387267,495.9765324705066,810.6048173857179,148.57446787662752
E05014115,Streatham St Leonard's,Lambeth,1184,1916,390,15825,1.462076422649673,10823.647625286832,809.807190416405,1310.465014221142,266.7439225189172
E05014116,Streatham Wells,Lambeth,501,560,139,9734,0.9531094586418258,10212.887839630592,525.6479153128136,587.5505640223065,145.83844356982252
E05014117,Vauxhall,Lambeth,1492,3177,416,9849,0.6847302271268039,14383.766934501173,2178.9603275739414,4639.7834857254775,607.5385363745038
E05014118,Waterloo & South Bank,Lambeth,2501,6987,717,8908,1.186646724746073,7506.86772586525,2107.6196881891547,5888.020296432476,604.2236371178025
E05014119,West Dulwich,Lambeth,501,1019,145,11370,1.4845737590999823,7658.7639585472825,337.47060186738685,686.392302001731,97.6711322769882
